BEGIN TRANSACTION;
CREATE TABLE "ClassInfo" (
  ScheduleID  INTEGER PRIMARY KEY,
  TeacherName TEXT,
  GradeLevel  TEXT
, ClassName TEXT);
INSERT INTO "ClassInfo" VALUES(1254,'Coyle','2','IM');
INSERT INTO "ClassInfo" VALUES(1255,'Gibbs','12.6','TOK');
INSERT INTO "ClassInfo" VALUES(1256,'Miguez','10.1','SLC Beginner /');
INSERT INTO "ClassInfo" VALUES(1257,'Kurata','1','Math');
INSERT INTO "ClassInfo" VALUES(1258,'del Rio ','9.2','');
INSERT INTO "ClassInfo" VALUES(1259,'DeZerne','12.3','EL&L SL');
INSERT INTO "ClassInfo" VALUES(1260,'Niculescu','11.2','English HL');
INSERT INTO "ClassInfo" VALUES(1261,'Ventrice','12.3','Spanish L&L SL');
INSERT INTO "ClassInfo" VALUES(1262,'Whitehair','12','Phys SL');
INSERT INTO "ClassInfo" VALUES(1263,'Hautala','11.2','Economics HL');
INSERT INTO "ClassInfo" VALUES(1264,'Davis',NULL,'/ Kamibeppu Junior Sem');
INSERT INTO "ClassInfo" VALUES(1265,'Carle','12.1','CScience SL');
INSERT INTO "ClassInfo" VALUES(1266,'Bartlett','11','Phys HL');
INSERT INTO "ClassInfo" VALUES(1267,'Meyer','12','ESS SL');
INSERT INTO "ClassInfo" VALUES(1268,'Alcantud','12','Chem SL');
INSERT INTO "ClassInfo" VALUES(1269,'Iverson','12','Bio SL');
INSERT INTO "ClassInfo" VALUES(1270,'Horowitz','10.1','Pre-Calculus');
INSERT INTO "ClassInfo" VALUES(1271,'Fazio','2','Math');
INSERT INTO "ClassInfo" VALUES(1272,'Alannah','11.2','Bio HL');
INSERT INTO "ClassInfo" VALUES(1273,'Dolan','3','Math');
INSERT INTO "ClassInfo" VALUES(1274,'LS',NULL,'');
INSERT INTO "ClassInfo" VALUES(1275,'Coyle','11.2','IB Analysis HL');
INSERT INTO "ClassInfo" VALUES(1276,'Compton','11.2','BMan HL');
INSERT INTO "ClassInfo" VALUES(1277,'Pickett','9.2','WS');
INSERT INTO "ClassInfo" VALUES(1278,'Bingle','12.4','TOK');
INSERT INTO "ClassInfo" VALUES(1279,'Montessinos','10.2','Catalan');
INSERT INTO "ClassInfo" VALUES(1280,'DeZerne','11.1','EL&L HL');
INSERT INTO "ClassInfo" VALUES(1281,'Niculescu','12.2','English SL');
INSERT INTO "ClassInfo" VALUES(1282,'Ventrice','12.1','Spanish LIT HL/SL');
INSERT INTO "ClassInfo" VALUES(1283,'Villanueva','9.1','WS');
INSERT INTO "ClassInfo" VALUES(1284,'Hautala','11.1','Econimics HL');
INSERT INTO "ClassInfo" VALUES(1285,'Evans','12.7','TOK');
INSERT INTO "ClassInfo" VALUES(1286,'Gibbs','10.1','MUN /');
INSERT INTO "ClassInfo" VALUES(1287,'Bartlett','11','Phys HL');
INSERT INTO "ClassInfo" VALUES(1288,'Meyer','11','ESS HL');
INSERT INTO "ClassInfo" VALUES(1289,'Whitehair','11','Chem HL');
INSERT INTO "ClassInfo" VALUES(1290,'Iverson','9','Bio Xtra');
INSERT INTO "ClassInfo" VALUES(1291,'Cates','12.1','Math Analysis SL');
INSERT INTO "ClassInfo" VALUES(1292,'Brown',NULL,'BTEC');
INSERT INTO "ClassInfo" VALUES(1293,'Alannah','9.4','Bio EES');
INSERT INTO "ClassInfo" VALUES(1294,'Hughes','12.1','Math Apps SL');
INSERT INTO "ClassInfo" VALUES(1295,'LS',NULL,'');
INSERT INTO "ClassInfo" VALUES(1296,'Coyle','2','IM');
INSERT INTO "ClassInfo" VALUES(1297,'Compton','12.1','Economics SL');
INSERT INTO "ClassInfo" VALUES(1298,'Kurata','1.9.2','Math');
INSERT INTO "ClassInfo" VALUES(1299,'Lassey','10.1','WL');
INSERT INTO "ClassInfo" VALUES(1300,'del Rio ','12.2','');
INSERT INTO "ClassInfo" VALUES(1301,'DeZerne','12.1','EL&L SL');
INSERT INTO "ClassInfo" VALUES(1302,'Niculescu','12.1','English Lit HL/SL');
INSERT INTO "ClassInfo" VALUES(1303,'Arguelles','10.2','WL');
INSERT INTO "ClassInfo" VALUES(1304,'B.','12.2','English Psychology HL SL');
INSERT INTO "ClassInfo" VALUES(1305,'Bragulat','11.1','BManagement HL');
INSERT INTO "ClassInfo" VALUES(1306,'Bingle','11.1','TOK');
INSERT INTO "ClassInfo" VALUES(1307,'Gibbs','11.1','GP HL');
INSERT INTO "ClassInfo" VALUES(1308,'Whitehair','11','Chem HL');
INSERT INTO "ClassInfo" VALUES(1309,'Meyer','12','ESS SL');
INSERT INTO "ClassInfo" VALUES(1310,'Bauer','10','Chem');
INSERT INTO "ClassInfo" VALUES(1311,'Davis',NULL,'/ Kamibeppu Senior Sem');
INSERT INTO "ClassInfo" VALUES(1312,'Cates','11.1','Math Analysis HL');
INSERT INTO "ClassInfo" VALUES(1313,'Fazio','1','Physics S S');
INSERT INTO "ClassInfo" VALUES(1314,'Alannah','11.1','Bio HL');
INSERT INTO "ClassInfo" VALUES(1315,'Horowitz','3','Math');
INSERT INTO "ClassInfo" VALUES(1316,'LS',NULL,'');
INSERT INTO "ClassInfo" VALUES(1317,'G2','2','A');
INSERT INTO "ClassInfo" VALUES(1318,'GS','9','B');
INSERT INTO "ClassInfo" VALUES(1319,'GS','9','C');
INSERT INTO "ClassInfo" VALUES(1320,'GS','9','D');
INSERT INTO "ClassInfo" VALUES(1321,'Wellness','10','D');
INSERT INTO "ClassInfo" VALUES(1322,'Wellness','10','A');
INSERT INTO "ClassInfo" VALUES(1323,'Wellness','10','B');
INSERT INTO "ClassInfo" VALUES(1324,'Hughes',NULL,'BTEC');
INSERT INTO "ClassInfo" VALUES(1325,'Wellness','10','C');
INSERT INTO "ClassInfo" VALUES(1326,'GS','11','Codina');
INSERT INTO "ClassInfo" VALUES(1327,'GS','11','A');
INSERT INTO "ClassInfo" VALUES(1328,'GS','11','E');
INSERT INTO "ClassInfo" VALUES(1329,'RefugArt',NULL,'- Pollini / Vernet');
INSERT INTO "ClassInfo" VALUES(1330,'GS','12','B');
INSERT INTO "ClassInfo" VALUES(1331,'GS','12','A');
INSERT INTO "ClassInfo" VALUES(1332,'Student',NULL,'Support (Jason)');
INSERT INTO "ClassInfo" VALUES(1333,'GS','12','C');
INSERT INTO "ClassInfo" VALUES(1334,'LS',NULL,'');
INSERT INTO "ClassInfo" VALUES(1335,'LS',NULL,'');
INSERT INTO "ClassInfo" VALUES(1336,'Brown','10.1','WS');
INSERT INTO "ClassInfo" VALUES(1337,'Pickett','10.2','WS');
INSERT INTO "ClassInfo" VALUES(1338,'Lassey','9.1','WL');
INSERT INTO "ClassInfo" VALUES(1339,'Davis',NULL,'/ Kamibeppu Junior Sem');
INSERT INTO "ClassInfo" VALUES(1340,'Arguelles','12.1','English HL');
INSERT INTO "ClassInfo" VALUES(1341,'Freer','9.2','WL');
INSERT INTO "ClassInfo" VALUES(1342,'Bragulat',NULL,'BTEC');
INSERT INTO "ClassInfo" VALUES(1343,'B.','12.1','English Psychology HL');
INSERT INTO "ClassInfo" VALUES(1344,'Hautala','12.1','BManagement HL');
INSERT INTO "ClassInfo" VALUES(1345,'Bingle','11.3','TOK');
INSERT INTO "ClassInfo" VALUES(1346,'Gibbs','12.1','GP HL');
INSERT INTO "ClassInfo" VALUES(1347,'Bartlett','12','Phys HL');
INSERT INTO "ClassInfo" VALUES(1348,'Whitehair','12','Chem HL Xtra');
INSERT INTO "ClassInfo" VALUES(1349,'Iverson','9','Bio');
INSERT INTO "ClassInfo" VALUES(1350,'Alannah','9.3','Bio EES');
INSERT INTO "ClassInfo" VALUES(1351,'Horowitz','11.2','Math Apps SL');
INSERT INTO "ClassInfo" VALUES(1352,'LS',NULL,'');
INSERT INTO "ClassInfo" VALUES(1353,'Freer','9','Elective Minfullness / S / Elective Service Learning / S');
INSERT INTO "ClassInfo" VALUES(1354,'Villanueva','9.1','EMUN');
INSERT INTO "ClassInfo" VALUES(1355,'Lassey','9','ElCWri /');
INSERT INTO "ClassInfo" VALUES(1356,'Montessinos','10.1','Catalan');
INSERT INTO "ClassInfo" VALUES(1357,'Arguelles','12.1','English HL');
INSERT INTO "ClassInfo" VALUES(1358,'Niculescu','10.1','Debate');
INSERT INTO "ClassInfo" VALUES(1359,'Ventrice','11.1','IB Film HL/SL');
INSERT INTO "ClassInfo" VALUES(1360,'B.English','12.1','- Psychology HL');
INSERT INTO "ClassInfo" VALUES(1361,'Hautala','12.1','BManagement HL');
INSERT INTO "ClassInfo" VALUES(1362,'Bingle','11.1','History HL / SL');
INSERT INTO "ClassInfo" VALUES(1363,'Gibbs','12.1','GP HL');
INSERT INTO "ClassInfo" VALUES(1364,'Bartlett','12','Phys HL');
INSERT INTO "ClassInfo" VALUES(1365,'Whitehair','12','Chem HL');
INSERT INTO "ClassInfo" VALUES(1366,'Alcantud','11','Chem SL');
INSERT INTO "ClassInfo" VALUES(1367,'Bauer','11','ESS SL');
INSERT INTO "ClassInfo" VALUES(1368,'Cates','11.3','Math Analysis SL');
INSERT INTO "ClassInfo" VALUES(1369,'Brown',NULL,'BTEC');
INSERT INTO "ClassInfo" VALUES(1370,'Pendell','9','/ Mazanni Elect SSS');
INSERT INTO "ClassInfo" VALUES(1371,'LS',NULL,'');
INSERT INTO "ClassInfo" VALUES(1372,'Coyle','2','IM');
INSERT INTO "ClassInfo" VALUES(1373,'Brown','10.4','WS');
INSERT INTO "ClassInfo" VALUES(1374,'Compton','11.1','BMan SL');
INSERT INTO "ClassInfo" VALUES(1375,'Kurata','1.9.2','Math');
INSERT INTO "ClassInfo" VALUES(1376,'del Rio ','11.1','');
INSERT INTO "ClassInfo" VALUES(1377,'Arguelles','12.2','English HL');
INSERT INTO "ClassInfo" VALUES(1378,'Freer','11.1','English LIT HL/SL');
INSERT INTO "ClassInfo" VALUES(1379,'Ventrice','11.1','Spanish LIT HL/SL');
INSERT INTO "ClassInfo" VALUES(1380,'B.English','10.3','WS');
INSERT INTO "ClassInfo" VALUES(1381,'Bragulat','12.1','Economics HL');
INSERT INTO "ClassInfo" VALUES(1382,'Davis',NULL,'/ Kamibeppu Senior Sem');
INSERT INTO "ClassInfo" VALUES(1383,'Carle','12.1','CScience HL');
INSERT INTO "ClassInfo" VALUES(1384,'Bartlett','12','Phys HL');
INSERT INTO "ClassInfo" VALUES(1385,'Meyer','12','ESS HL');
INSERT INTO "ClassInfo" VALUES(1386,'Evans','11.5','TOK');
INSERT INTO "ClassInfo" VALUES(1387,'Cates','12.1','Math Analysis HL');
INSERT INTO "ClassInfo" VALUES(1388,'Dolan','11.2','Math Analysis SL');
INSERT INTO "ClassInfo" VALUES(1389,'Study',NULL,'Period CP');
INSERT INTO "ClassInfo" VALUES(1390,'Horowitz','3','Math');
INSERT INTO "ClassInfo" VALUES(1391,'LS',NULL,'');
INSERT INTO "ClassInfo" VALUES(1392,'Coyle','12.2','IB Analysis HL');
INSERT INTO "ClassInfo" VALUES(1393,'Compton','12.2','Econmics HL');
INSERT INTO "ClassInfo" VALUES(1394,'Pickett','12.3','TOK');
INSERT INTO "ClassInfo" VALUES(1395,'Kurata','2','Math');
INSERT INTO "ClassInfo" VALUES(1396,'Kurtz','11.1','Psychology HL / SL');
INSERT INTO "ClassInfo" VALUES(1397,'DeZerne','11.3','EL&L SL');
INSERT INTO "ClassInfo" VALUES(1398,'Freer','9.4','WL');
INSERT INTO "ClassInfo" VALUES(1399,'Davis',NULL,'/ Kamibeppu Junior Sem');
INSERT INTO "ClassInfo" VALUES(1400,'Lassey','9.3','WL');
INSERT INTO "ClassInfo" VALUES(1401,'Hautala','12.2','BManagement HL');
INSERT INTO "ClassInfo" VALUES(1402,'Bingle','12.1','History');
INSERT INTO "ClassInfo" VALUES(1403,'Carle','11.1','CScience HL/SL');
INSERT INTO "ClassInfo" VALUES(1404,'Iverson','9.2','Bio');
INSERT INTO "ClassInfo" VALUES(1405,'Alcantud','12','Bio HL');
INSERT INTO "ClassInfo" VALUES(1406,'Bauer','11','ESS SL');
INSERT INTO "ClassInfo" VALUES(1407,'Dolan','11.1','Math Analysis SL');
INSERT INTO "ClassInfo" VALUES(1408,'Fazio','3','Math');
INSERT INTO "ClassInfo" VALUES(1409,'Alannah','9.4','Bio /EE');
INSERT INTO "ClassInfo" VALUES(1410,'Horowitz','11.1','Math App SL');
INSERT INTO "ClassInfo" VALUES(1411,'LS',NULL,'');
INSERT INTO "ClassInfo" VALUES(1412,'HR','9','A');
INSERT INTO "ClassInfo" VALUES(1413,'HR','9','B');
INSERT INTO "ClassInfo" VALUES(1414,'HR','9','C');
INSERT INTO "ClassInfo" VALUES(1415,'HR','9','D');
INSERT INTO "ClassInfo" VALUES(1416,'HR','10','D');
INSERT INTO "ClassInfo" VALUES(1417,'HR','10','B');
INSERT INTO "ClassInfo" VALUES(1418,'HR','10','A');
INSERT INTO "ClassInfo" VALUES(1419,'HR','11','B');
INSERT INTO "ClassInfo" VALUES(1420,'HR','10','C');
INSERT INTO "ClassInfo" VALUES(1421,'HR','11','E');
INSERT INTO "ClassInfo" VALUES(1422,'HR','11','D');
INSERT INTO "ClassInfo" VALUES(1423,'HR','11','E');
INSERT INTO "ClassInfo" VALUES(1424,'HR','11','C');
INSERT INTO "ClassInfo" VALUES(1425,'HR','12','A');
INSERT INTO "ClassInfo" VALUES(1426,'HR','12','B');
INSERT INTO "ClassInfo" VALUES(1427,'HR','10','D');
INSERT INTO "ClassInfo" VALUES(1428,'HR','11','A');
INSERT INTO "ClassInfo" VALUES(1429,'HR','11','LC /F');
INSERT INTO "ClassInfo" VALUES(1430,'HR','12','C');
INSERT INTO "ClassInfo" VALUES(1431,'HR','12','D');
INSERT INTO "ClassInfo" VALUES(1432,'HR','12','C');
INSERT INTO "ClassInfo" VALUES(1433,'LS',NULL,'');
INSERT INTO "ClassInfo" VALUES(1434,'Pickett','9.4','WS');
INSERT INTO "ClassInfo" VALUES(1435,'Lassey','10.3','');
INSERT INTO "ClassInfo" VALUES(1436,'del Rio ','12.1','');
INSERT INTO "ClassInfo" VALUES(1437,'Arguelles','10.4','WL');
INSERT INTO "ClassInfo" VALUES(1438,'Niculescu','11.2','English HL');
INSERT INTO "ClassInfo" VALUES(1439,'Ventrice','11.1','Span Lit HL AND IB Film HL');
INSERT INTO "ClassInfo" VALUES(1440,'B.','9.3','English WS');
INSERT INTO "ClassInfo" VALUES(1441,'Hautala','11.2','Economics HL');
INSERT INTO "ClassInfo" VALUES(1442,'Bingle','11.1','Bingle History HL // Evans TOK');
INSERT INTO "ClassInfo" VALUES(1443,'Carle','11.1','CScience HL');
INSERT INTO "ClassInfo" VALUES(1444,'Bartlett','11','Phys HL');
INSERT INTO "ClassInfo" VALUES(1445,'Bauer','10','Chem');
INSERT INTO "ClassInfo" VALUES(1446,'Hughes','12.2','Math Apps SL');
INSERT INTO "ClassInfo" VALUES(1447,'Fazio','1','Physics S S');
INSERT INTO "ClassInfo" VALUES(1448,'Alannah','11.2','Bio HL');
INSERT INTO "ClassInfo" VALUES(1449,'Dolan','12.2','Math Analysis SL');
INSERT INTO "ClassInfo" VALUES(1450,'LS',NULL,'');
INSERT INTO "ClassInfo" VALUES(1451,'Brown','10.1','WS');
INSERT INTO "ClassInfo" VALUES(1452,'Pickett','10.2','WS');
INSERT INTO "ClassInfo" VALUES(1453,'Lassey','9.1','WL');
INSERT INTO "ClassInfo" VALUES(1454,'Gibbs','11.6','TOK');
INSERT INTO "ClassInfo" VALUES(1455,'Arguelles','12.2','English HL');
INSERT INTO "ClassInfo" VALUES(1456,'Freer','9.2','WL');
INSERT INTO "ClassInfo" VALUES(1457,'Niculescu','12.1','English LIT HL');
INSERT INTO "ClassInfo" VALUES(1458,'B.','12.2','English Psychology SL/HL');
INSERT INTO "ClassInfo" VALUES(1459,'Bragulat','12.1','Economics HL');
INSERT INTO "ClassInfo" VALUES(1460,'Bingle','11.3','TOK');
INSERT INTO "ClassInfo" VALUES(1461,'Carle','12.1','CScience HL');
INSERT INTO "ClassInfo" VALUES(1462,'Bartlett','12','Phys HL');
INSERT INTO "ClassInfo" VALUES(1463,'Meyer','12','ESS HL Xtra');
INSERT INTO "ClassInfo" VALUES(1464,'Iverson','9','Bio');
INSERT INTO "ClassInfo" VALUES(1465,'Cates','12.1','Math Analysis HL');
INSERT INTO "ClassInfo" VALUES(1466,'Hughes',NULL,'CP Core');
INSERT INTO "ClassInfo" VALUES(1467,'Alannah','9.3','Bio EES');
INSERT INTO "ClassInfo" VALUES(1468,'Horowitz','11.2','Math Apps SL');
INSERT INTO "ClassInfo" VALUES(1469,'LS',NULL,'');
INSERT INTO "ClassInfo" VALUES(1470,'Coyle','2','IM');
INSERT INTO "ClassInfo" VALUES(1471,'Gibbs','12.6','TOK');
INSERT INTO "ClassInfo" VALUES(1472,'Míguez','10.1','SLC Beginner /');
INSERT INTO "ClassInfo" VALUES(1473,'Kurata','1','Math');
INSERT INTO "ClassInfo" VALUES(1474,'del Rio ','9.2','');
INSERT INTO "ClassInfo" VALUES(1475,'DeZerne','12.3','EL&L SL');
INSERT INTO "ClassInfo" VALUES(1476,'Niculescu','11.2','English HL');
INSERT INTO "ClassInfo" VALUES(1477,'Ventrice','12.3','Spanish L&L SL');
INSERT INTO "ClassInfo" VALUES(1478,'Whitehair','12','Phys SL');
INSERT INTO "ClassInfo" VALUES(1479,'Hautala','11.2','Economics HL');
INSERT INTO "ClassInfo" VALUES(1480,'Evans','11.2','TOK');
INSERT INTO "ClassInfo" VALUES(1481,'Carle','12.1','CompScience SL');
INSERT INTO "ClassInfo" VALUES(1482,'Bartlett','11','Phys HL');
INSERT INTO "ClassInfo" VALUES(1483,'Meyer','12','ESS SL');
INSERT INTO "ClassInfo" VALUES(1484,'Alcantud','12','Chem SL');
INSERT INTO "ClassInfo" VALUES(1485,'Iverson','12','Bio SL');
INSERT INTO "ClassInfo" VALUES(1486,'Horowitz','10.1','Pre-Calculus');
INSERT INTO "ClassInfo" VALUES(1487,'Fazio','3','Math');
INSERT INTO "ClassInfo" VALUES(1488,'Alannah','11.2','Bio HL');
INSERT INTO "ClassInfo" VALUES(1489,'Dolan','3','Math');
INSERT INTO "ClassInfo" VALUES(1490,'LS',NULL,'');
INSERT INTO "ClassInfo" VALUES(1491,'Coyle','11.2','IB Analysis HL');
INSERT INTO "ClassInfo" VALUES(1492,'Compton','11.2','BMan HL');
INSERT INTO "ClassInfo" VALUES(1493,'Pickett','9.2','WS');
INSERT INTO "ClassInfo" VALUES(1494,'Kurata','2','Math');
INSERT INTO "ClassInfo" VALUES(1495,'Davis',NULL,'/ Kamibeppu Senior Sem');
INSERT INTO "ClassInfo" VALUES(1496,'DeZerne','11.1','EL&L HL');
INSERT INTO "ClassInfo" VALUES(1497,'Niculescu','12.2','English SL');
INSERT INTO "ClassInfo" VALUES(1498,'Ventrice','12.1','Spanish LIT HL/SL');
INSERT INTO "ClassInfo" VALUES(1499,'Villanueva','9.1','WS');
INSERT INTO "ClassInfo" VALUES(1500,'Huatala','11.1','Econimics HL');
INSERT INTO "ClassInfo" VALUES(1501,'Evans','12.7','TOK');
INSERT INTO "ClassInfo" VALUES(1502,'Brown',NULL,'BTEC');
INSERT INTO "ClassInfo" VALUES(1503,'Bartlett','11','Phys HL');
INSERT INTO "ClassInfo" VALUES(1504,'Meyer','11','ESS HL');
INSERT INTO "ClassInfo" VALUES(1505,'Whitehair','11','Chem HL');
INSERT INTO "ClassInfo" VALUES(1506,'Cates','2.1','Math Analysis SL');
INSERT INTO "ClassInfo" VALUES(1507,'Fazio','3','Math');
INSERT INTO "ClassInfo" VALUES(1508,'Hughes','12.1','Math Apps SL');
INSERT INTO "ClassInfo" VALUES(1509,'LS',NULL,'');
INSERT INTO "ClassInfo" VALUES(1510,'Yearbook',NULL,'(Valentina)');
INSERT INTO "ClassInfo" VALUES(1511,'Photography',NULL,'(Brown)');
INSERT INTO "ClassInfo" VALUES(1512,'Fantasy',NULL,'Sports (Dowell)');
INSERT INTO "ClassInfo" VALUES(1513,'Read',NULL,'and Blue (Freer)');
INSERT INTO "ClassInfo" VALUES(1514,'MUN',NULL,'(Villanueva)');
INSERT INTO "ClassInfo" VALUES(1515,'MUN',NULL,'(gibbs)');
INSERT INTO "ClassInfo" VALUES(1516,'Oracy',NULL,'(Niculescu)');
INSERT INTO "ClassInfo" VALUES(1517,'Relaxation',NULL,'(ventrice)');
INSERT INTO "ClassInfo" VALUES(1518,'GS','11','Kurtz');
INSERT INTO "ClassInfo" VALUES(1519,'GS','11','Gomez');
INSERT INTO "ClassInfo" VALUES(1520,'GS','12','Alannah');
INSERT INTO "ClassInfo" VALUES(1521,'FemStem',NULL,'(Dante /Bauer)');
INSERT INTO "ClassInfo" VALUES(1522,'GS','12','Alcantud');
INSERT INTO "ClassInfo" VALUES(1523,'Eco',NULL,'Club (Iverson)');
INSERT INTO "ClassInfo" VALUES(1524,'GS','12','compton');
INSERT INTO "ClassInfo" VALUES(1525,'Dowell',NULL,'CP Core');
INSERT INTO "ClassInfo" VALUES(1526,'?',NULL,'migh be for Math Support');
INSERT INTO "ClassInfo" VALUES(1527,'Reading',NULL,'Strategics (Pendell)');
INSERT INTO "ClassInfo" VALUES(1528,'LS',NULL,'');
INSERT INTO "ClassInfo" VALUES(1529,'Ventrice','9.1','Elective Film');
INSERT INTO "ClassInfo" VALUES(1530,'Compton','12.1','Economics SL');
INSERT INTO "ClassInfo" VALUES(1531,'Pickett','12.5','TOK');
INSERT INTO "ClassInfo" VALUES(1532,'Lassey','10.1','WL');
INSERT INTO "ClassInfo" VALUES(1533,'del Rio ','12.2','');
INSERT INTO "ClassInfo" VALUES(1534,'DeZerne','12.1','EL&L SL');
INSERT INTO "ClassInfo" VALUES(1535,'Niculescu','12.1','English LIT HL/SL');
INSERT INTO "ClassInfo" VALUES(1536,'Arguelles','10.2','WL');
INSERT INTO "ClassInfo" VALUES(1537,'B.','12.2','English Psychology HL SL');
INSERT INTO "ClassInfo" VALUES(1538,'Bragulat','11.1','BManagement HL');
INSERT INTO "ClassInfo" VALUES(1539,'Bingle','11.1','TOK');
INSERT INTO "ClassInfo" VALUES(1540,'Gibbs','11.1','GP HL');
INSERT INTO "ClassInfo" VALUES(1541,'Whitehair','11','Chem HL');
INSERT INTO "ClassInfo" VALUES(1542,'Meyer','12','ESS SL');
INSERT INTO "ClassInfo" VALUES(1543,'Bauer','10','Chem');
INSERT INTO "ClassInfo" VALUES(1544,'Cates','11.1','Math Analysis HL');
INSERT INTO "ClassInfo" VALUES(1545,'Fazio','10.1','Physics');
INSERT INTO "ClassInfo" VALUES(1546,'Alannah','11.1','Bio HL');
INSERT INTO "ClassInfo" VALUES(1547,'LS',NULL,'');
INSERT INTO "ClassInfo" VALUES(1548,'Coyle','11.2','IB Analysis HL');
INSERT INTO "ClassInfo" VALUES(1549,'Compton','11.2','BMan HL');
INSERT INTO "ClassInfo" VALUES(1550,'Pickett','9.4','WS');
INSERT INTO "ClassInfo" VALUES(1551,'Lassey','10.3','');
INSERT INTO "ClassInfo" VALUES(1552,'del Rio ','12.1','');
INSERT INTO "ClassInfo" VALUES(1553,'Arguelles','10.4','WL');
INSERT INTO "ClassInfo" VALUES(1554,'DeZerne','11.1','EL&L HL');
INSERT INTO "ClassInfo" VALUES(1555,'Bragulat',NULL,'BTEC');
INSERT INTO "ClassInfo" VALUES(1556,'B.','9.3','English WS');
INSERT INTO "ClassInfo" VALUES(1557,'Huatala','11.1','Econimics HL');
INSERT INTO "ClassInfo" VALUES(1558,'Evans','12.1','TOK');
INSERT INTO "ClassInfo" VALUES(1559,'Iverson','9','Bio');
INSERT INTO "ClassInfo" VALUES(1560,'Bartlett','11','Phys HL');
INSERT INTO "ClassInfo" VALUES(1561,'Meyer','11','ESS HL Xtra');
INSERT INTO "ClassInfo" VALUES(1562,'Bauer','10','Chem');
INSERT INTO "ClassInfo" VALUES(1563,'Whitehair','11','Chem HL Xtra');
INSERT INTO "ClassInfo" VALUES(1564,'Hughes','12.2','Math Apps SL');
INSERT INTO "ClassInfo" VALUES(1565,'Fazio','1','Physics S S');
INSERT INTO "ClassInfo" VALUES(1566,'Alannah','9.3','Bio EES');
INSERT INTO "ClassInfo" VALUES(1567,'Dolan','12.2','Math Analysis SL');
INSERT INTO "ClassInfo" VALUES(1568,'LS',NULL,'');
INSERT INTO "ClassInfo" VALUES(1569,'Freer','9','Elective Minfullness / S / Elective Service Learning / S');
INSERT INTO "ClassInfo" VALUES(1570,'Villanueva','9.1','EMUN');
INSERT INTO "ClassInfo" VALUES(1571,'Lassey','9','ElCWri /');
INSERT INTO "ClassInfo" VALUES(1572,'Montessinos','10.1','Catalan');
INSERT INTO "ClassInfo" VALUES(1573,'Arguelles','12.1','English HL');
INSERT INTO "ClassInfo" VALUES(1574,'Niculescu','10.1','Debate');
INSERT INTO "ClassInfo" VALUES(1575,'Ventrice','11.1','IB Film HL/SL');
INSERT INTO "ClassInfo" VALUES(1576,'English','12.1','Psychology HL');
INSERT INTO "ClassInfo" VALUES(1577,'Hautala','12.1','BManagement HL');
INSERT INTO "ClassInfo" VALUES(1578,'Bingle','11.1','History HL / SL');
INSERT INTO "ClassInfo" VALUES(1579,'Gibbs','12.1','GP HL');
INSERT INTO "ClassInfo" VALUES(1580,'Bartlett','12','Phys HL');
INSERT INTO "ClassInfo" VALUES(1581,'Whitehair','12','Chem HL');
INSERT INTO "ClassInfo" VALUES(1582,'Alcantud','11','Chem SL');
INSERT INTO "ClassInfo" VALUES(1583,'Bauer','11','ESS SL');
INSERT INTO "ClassInfo" VALUES(1584,'Cates','11.3','Math Analysis SL');
INSERT INTO "ClassInfo" VALUES(1585,'Brown',NULL,'/ Bragulat BTEC');
INSERT INTO "ClassInfo" VALUES(1586,'Pendell','9','/ Mazanni Elect SSS');
INSERT INTO "ClassInfo" VALUES(1587,'LS',NULL,'');
INSERT INTO "ClassInfo" VALUES(1588,'Coyle','2','IM');
INSERT INTO "ClassInfo" VALUES(1589,'Brown','10.4','WS');
INSERT INTO "ClassInfo" VALUES(1590,'Compton','11.1','BMan SL');
INSERT INTO "ClassInfo" VALUES(1591,'Kurata','1.9.2','Math');
INSERT INTO "ClassInfo" VALUES(1592,'del Rio ','11.1','');
INSERT INTO "ClassInfo" VALUES(1593,'Arguelles','12.2','English HL');
INSERT INTO "ClassInfo" VALUES(1594,'Freer','11.1','English LIT HL/SL');
INSERT INTO "ClassInfo" VALUES(1595,'Ventrice','11.1','Spanish LIT HL/SL');
INSERT INTO "ClassInfo" VALUES(1596,'B.English','10.3','WS');
INSERT INTO "ClassInfo" VALUES(1597,'Bragulat','12.1','Economics HL');
INSERT INTO "ClassInfo" VALUES(1598,'Bingle','12.2','TOK');
INSERT INTO "ClassInfo" VALUES(1599,'Carle','12.1','CScience HL');
INSERT INTO "ClassInfo" VALUES(1600,'Bartlett','12','Phys HL');
INSERT INTO "ClassInfo" VALUES(1601,'Meyer','12','ESS HL');
INSERT INTO "ClassInfo" VALUES(1602,'Bauer','10','Chem');
INSERT INTO "ClassInfo" VALUES(1603,'Fazio','10.1','Physics');
INSERT INTO "ClassInfo" VALUES(1604,'Cates','12.1','Math Analysis HL');
INSERT INTO "ClassInfo" VALUES(1605,'Dolan','11.2','Math Analysis SL');
INSERT INTO "ClassInfo" VALUES(1606,'Davis',NULL,'/ Kamibeppu Junior Sem');
INSERT INTO "ClassInfo" VALUES(1607,'Horowitz','3','Math');
INSERT INTO "ClassInfo" VALUES(1608,'LS',NULL,'');
INSERT INTO "ClassInfo" VALUES(1609,'Wellness','9','A');
INSERT INTO "ClassInfo" VALUES(1610,'Wellness','9','B');
INSERT INTO "ClassInfo" VALUES(1611,'Wellness','9','C');
INSERT INTO "ClassInfo" VALUES(1612,'Wellness','9','D');
INSERT INTO "ClassInfo" VALUES(1613,'Magda','10.2','Catalán');
INSERT INTO "ClassInfo" VALUES(1614,'GS','10','C');
INSERT INTO "ClassInfo" VALUES(1615,'GS','10','A');
INSERT INTO "ClassInfo" VALUES(1616,'GS','10','D');
INSERT INTO "ClassInfo" VALUES(1617,'GS','10','B');
INSERT INTO "ClassInfo" VALUES(1618,'GS','11','Horowitz');
INSERT INTO "ClassInfo" VALUES(1619,'GS','11','Alannah');
INSERT INTO "ClassInfo" VALUES(1620,'GS','12','Alcantud');
INSERT INTO "ClassInfo" VALUES(1621,'GS','12','Hughes');
INSERT INTO "ClassInfo" VALUES(1622,'GS','12','Cates');
INSERT INTO "ClassInfo" VALUES(1623,'Pickett',NULL,'CP Core');
INSERT INTO "ClassInfo" VALUES(1624,'GS','11','Dolan');
INSERT INTO "ClassInfo" VALUES(1625,'GS','12','Coyle');
INSERT INTO "ClassInfo" VALUES(1626,'LS',NULL,'');
INSERT INTO "ClassInfo" VALUES(1627,'SAT',NULL,'Social Studies');
INSERT INTO "ClassInfo" VALUES(1628,'SAT',NULL,'Science');
INSERT INTO "ClassInfo" VALUES(1629,'LS',NULL,'');
INSERT INTO "ClassInfo" VALUES(1630,'Coyle','11.2','IB Analysis HL');
INSERT INTO "ClassInfo" VALUES(1631,'Compton','12.2','Econmics HL');
INSERT INTO "ClassInfo" VALUES(1632,'Davis',NULL,'/ Kamibeppu Senior Sem');
INSERT INTO "ClassInfo" VALUES(1633,'Kurata','2','Math');
INSERT INTO "ClassInfo" VALUES(1634,'Kurtz','11.1','Psychology HL / SL');
INSERT INTO "ClassInfo" VALUES(1635,'DeZerne','11.3','EL&L SL');
INSERT INTO "ClassInfo" VALUES(1636,'Freer','9.4','WL');
INSERT INTO "ClassInfo" VALUES(1637,'Evans','11.4','TOK');
INSERT INTO "ClassInfo" VALUES(1638,'Lassey','9.3','WL');
INSERT INTO "ClassInfo" VALUES(1639,'Hautala','12.2','BManagement HL');
INSERT INTO "ClassInfo" VALUES(1640,'Bingle','12.1','History');
INSERT INTO "ClassInfo" VALUES(1641,'Carle','11.1','CScience HL/SL');
INSERT INTO "ClassInfo" VALUES(1642,'Iverson','9','Bio');
INSERT INTO "ClassInfo" VALUES(1643,'Alcantud','12','Bio HL');
INSERT INTO "ClassInfo" VALUES(1644,'Bauer','11','ESS SL');
INSERT INTO "ClassInfo" VALUES(1645,'Dolan','11.1','Math Analysis SL');
INSERT INTO "ClassInfo" VALUES(1646,'Fazio','3','Math');
INSERT INTO "ClassInfo" VALUES(1647,'Alannah','9.4','Bio /EE');
INSERT INTO "ClassInfo" VALUES(1648,'Horowitz','11.1','Math App SL');
INSERT INTO "ClassInfo" VALUES(1649,'LS',NULL,'');
INSERT INTO "ClassInfo" VALUES(1650,'Ventrice','9.1','Elective Film');
INSERT INTO "ClassInfo" VALUES(1651,'Compton','12.1','Economics SL');
INSERT INTO "ClassInfo" VALUES(1652,'Pickett','12.5','TOK');
INSERT INTO "ClassInfo" VALUES(1653,'Lassey','10.1','WL');
INSERT INTO "ClassInfo" VALUES(1654,'del Rio ','12.2','');
INSERT INTO "ClassInfo" VALUES(1655,'DeZerne','12.1','EL&L SL');
INSERT INTO "ClassInfo" VALUES(1656,'Niculescu','12.1','English Lit HL/SL');
INSERT INTO "ClassInfo" VALUES(1657,'Arguelles','10.2','WL');
INSERT INTO "ClassInfo" VALUES(1658,'B.','12.2','English Psychology HL SL');
INSERT INTO "ClassInfo" VALUES(1659,'Bragulat','11.1','BManagement HL');
INSERT INTO "ClassInfo" VALUES(1660,'Davis',NULL,'/ Kamibeppu Junior Sem');
INSERT INTO "ClassInfo" VALUES(1661,'Gibbs','11.1','GP HL');
INSERT INTO "ClassInfo" VALUES(1662,'Whitehair','11','Chem HL');
INSERT INTO "ClassInfo" VALUES(1663,'Meyer','12','ESS SL');
INSERT INTO "ClassInfo" VALUES(1664,'Bauer','10','Chem');
INSERT INTO "ClassInfo" VALUES(1665,'Cates','11.1','Math Analysis HL');
INSERT INTO "ClassInfo" VALUES(1666,'Fazio','1','Physics S S');
INSERT INTO "ClassInfo" VALUES(1667,'Alannah','11.1','Bio HL');
INSERT INTO "ClassInfo" VALUES(1668,'LS',NULL,'');
INSERT INTO "ClassInfo" VALUES(1669,'Coyle','11.2','IB Analysis HL');
INSERT INTO "ClassInfo" VALUES(1670,'Brown','10.1','WS');
INSERT INTO "ClassInfo" VALUES(1671,'Pickett','10.2','WS');
INSERT INTO "ClassInfo" VALUES(1672,'Lassey','9.1','WL');
INSERT INTO "ClassInfo" VALUES(1673,'Gibbs','11.6','TOK');
INSERT INTO "ClassInfo" VALUES(1674,'Bragulat',NULL,'BTEC');
INSERT INTO "ClassInfo" VALUES(1675,'Freer','9.2','WL');
INSERT INTO "ClassInfo" VALUES(1676,'Ventrice','12.1','Spanish LIT HL');
INSERT INTO "ClassInfo" VALUES(1677,'Compton','12.2','Econmics HL');
INSERT INTO "ClassInfo" VALUES(1678,'Hautala','12.2','BManagement HL');
INSERT INTO "ClassInfo" VALUES(1679,'Bingle','12.1','History');
INSERT INTO "ClassInfo" VALUES(1680,'Davis',NULL,'/ Kamibeppu Junior Sem');
INSERT INTO "ClassInfo" VALUES(1681,'Alcantud','12','Bio HL');
INSERT INTO "ClassInfo" VALUES(1682,'Bauer','10','Chem');
INSERT INTO "ClassInfo" VALUES(1683,'Iverson','9','Bio');
INSERT INTO "ClassInfo" VALUES(1684,'Fazio','1','Physics S S');
INSERT INTO "ClassInfo" VALUES(1685,'Alannah','9.3','Bio EES');
INSERT INTO "ClassInfo" VALUES(1686,'Horowitz','11.2','Math Apps SL');
INSERT INTO "ClassInfo" VALUES(1687,'LS',NULL,'');
INSERT INTO "ClassInfo" VALUES(1688,'Coyle','2','IM');
INSERT INTO "ClassInfo" VALUES(1689,'Davis',NULL,'/ Kamibeppu Senior Sem');
INSERT INTO "ClassInfo" VALUES(1690,'Míguez','10.1','SLC Beginner /');
INSERT INTO "ClassInfo" VALUES(1691,'Kurata','1','Math');
INSERT INTO "ClassInfo" VALUES(1692,'del Rio ','9.2','');
INSERT INTO "ClassInfo" VALUES(1693,'DeZerne','12.3','EL&L SL');
INSERT INTO "ClassInfo" VALUES(1694,'Niculescu','11.2','English HL');
INSERT INTO "ClassInfo" VALUES(1695,'Ventrice','12.3','Spanish L&L SL');
INSERT INTO "ClassInfo" VALUES(1696,'Whitehair','12','Phys SL');
INSERT INTO "ClassInfo" VALUES(1697,'Hautala','11.2','Economics HL');
INSERT INTO "ClassInfo" VALUES(1698,'Evans','11.2','TOK');
INSERT INTO "ClassInfo" VALUES(1699,'Carle','12.1','CompScience SL');
INSERT INTO "ClassInfo" VALUES(1700,'Bartlett','11','Phys HL');
INSERT INTO "ClassInfo" VALUES(1701,'Meyer','12','ESS SL');
INSERT INTO "ClassInfo" VALUES(1702,'Alcantud','12','Chem SL');
INSERT INTO "ClassInfo" VALUES(1703,'Iverson','12','Bio SL');
INSERT INTO "ClassInfo" VALUES(1704,'Horowitz','10.1','Pre-Calculus');
INSERT INTO "ClassInfo" VALUES(1705,'Fazio','2','Math');
INSERT INTO "ClassInfo" VALUES(1706,'Alannah','11.2','Bio HL');
INSERT INTO "ClassInfo" VALUES(1707,'Dolan','3','Math');
INSERT INTO "ClassInfo" VALUES(1708,'LS',NULL,'');
INSERT INTO "ClassInfo" VALUES(1709,'G2','2','A');
INSERT INTO "ClassInfo" VALUES(1710,'GS','9','B');
INSERT INTO "ClassInfo" VALUES(1711,'GS','9','C');
INSERT INTO "ClassInfo" VALUES(1712,'GS','9','D');
INSERT INTO "ClassInfo" VALUES(1713,'Magda','10.1','Catalán');
INSERT INTO "ClassInfo" VALUES(1714,'GS','10','C');
INSERT INTO "ClassInfo" VALUES(1715,'GS','10','A');
INSERT INTO "ClassInfo" VALUES(1716,'GS','10','D');
INSERT INTO "ClassInfo" VALUES(1717,'GS','10','B');
INSERT INTO "ClassInfo" VALUES(1718,'GS','12','Martinerz');
INSERT INTO "ClassInfo" VALUES(1719,'GS','12','Pickett');
INSERT INTO "ClassInfo" VALUES(1720,'GS','12','English');
INSERT INTO "ClassInfo" VALUES(1721,'Sele',NULL,'Class');
INSERT INTO "ClassInfo" VALUES(1722,'GS','12','Compton');
INSERT INTO "ClassInfo" VALUES(1723,'GS','11','Carle');
INSERT INTO "ClassInfo" VALUES(1724,'MV',NULL,'& VP CP Core');
INSERT INTO "ClassInfo" VALUES(1725,'GS','11','Bartlett');
INSERT INTO "ClassInfo" VALUES(1726,'LS',NULL,'');
INSERT INTO "ClassInfo" VALUES(1727,'SAT',NULL,'English');
INSERT INTO "ClassInfo" VALUES(1728,'LS',NULL,'');
INSERT INTO "ClassInfo" VALUES(1729,'Coyle','11.2','IB Analysis HL');
INSERT INTO "ClassInfo" VALUES(1730,'Compton','11.2','BMan HL');
INSERT INTO "ClassInfo" VALUES(1731,'Pickett','9.2','WS');
INSERT INTO "ClassInfo" VALUES(1732,'Bingle','12.4','TOK');
INSERT INTO "ClassInfo" VALUES(1733,'Montessinos','10.2','Catalan');
INSERT INTO "ClassInfo" VALUES(1734,'DeZerne','11.1','EL&L HL');
INSERT INTO "ClassInfo" VALUES(1735,'Niculescu','12.2','English SL');
INSERT INTO "ClassInfo" VALUES(1736,'Ventrice','12.1','Spanish LIT HL/SL');
INSERT INTO "ClassInfo" VALUES(1737,'Villanueva','9.1','WS');
INSERT INTO "ClassInfo" VALUES(1738,'Huatala','11.1','Econimics HL');
INSERT INTO "ClassInfo" VALUES(1739,'Davis',NULL,'/ Kamibeppu Senior Sem');
INSERT INTO "ClassInfo" VALUES(1740,'Gibbs','10.1','MUN /');
INSERT INTO "ClassInfo" VALUES(1741,'Bartlett','11','Phys HL');
INSERT INTO "ClassInfo" VALUES(1742,'Meyer','11','ESS HL');
INSERT INTO "ClassInfo" VALUES(1743,'Whitehair','11','Chem HL');
INSERT INTO "ClassInfo" VALUES(1744,'Cates','12.1','Math Analysis SL');
INSERT INTO "ClassInfo" VALUES(1745,'Brown',NULL,'BTEC');
INSERT INTO "ClassInfo" VALUES(1746,'Hughes','12.1','Math Apps SL');
INSERT INTO "ClassInfo" VALUES(1747,'LS',NULL,'');
INSERT INTO "ClassInfo" VALUES(1748,'Coyle','11.2','IB Analysis HL');
INSERT INTO "ClassInfo" VALUES(1749,'Compton','12.2','Econmics HL');
INSERT INTO "ClassInfo" VALUES(1750,'Pickett','12.3','TOK');
INSERT INTO "ClassInfo" VALUES(1751,'Kurata','2','Math');
INSERT INTO "ClassInfo" VALUES(1752,'Kurtz','11.1','Psychology HL / SL');
INSERT INTO "ClassInfo" VALUES(1753,'DeZerne','11.3','EL&L SL');
INSERT INTO "ClassInfo" VALUES(1754,'Freer','9.4','WL');
INSERT INTO "ClassInfo" VALUES(1755,'Evans','11.4','TOK');
INSERT INTO "ClassInfo" VALUES(1756,'Lassey','9.3','WL');
INSERT INTO "ClassInfo" VALUES(1757,'Hautala','12.2','BManagement HL');
INSERT INTO "ClassInfo" VALUES(1758,'Bingle','12.1','History');
INSERT INTO "ClassInfo" VALUES(1759,'Carle','11.1','CScience HL/SL');
INSERT INTO "ClassInfo" VALUES(1760,'Iverson','9','Bio');
INSERT INTO "ClassInfo" VALUES(1761,'Alcantud','12','Bio HL');
INSERT INTO "ClassInfo" VALUES(1762,'Bauer','11','ESS SL');
INSERT INTO "ClassInfo" VALUES(1763,'Dolan','11.1','Math Analysis SL');
INSERT INTO "ClassInfo" VALUES(1764,'Fazio','3','Math');
INSERT INTO "ClassInfo" VALUES(1765,'Alannah','9.4','Bio /   EE');
INSERT INTO "ClassInfo" VALUES(1766,'Horowitz','11.1','Math App SL');
INSERT INTO "ClassInfo" VALUES(1767,'LS',NULL,'');
INSERT INTO "ClassInfo" VALUES(1768,'Pickett','9.4','WS');
INSERT INTO "ClassInfo" VALUES(1769,'Lassey','10.3','');
INSERT INTO "ClassInfo" VALUES(1770,'del Rio ','12.1','');
INSERT INTO "ClassInfo" VALUES(1771,'Arguelles','10.4','WL');
INSERT INTO "ClassInfo" VALUES(1772,'Freer','11.1','English LIT HL');
INSERT INTO "ClassInfo" VALUES(1773,'B.','9.3','English  WS');
INSERT INTO "ClassInfo" VALUES(1774,'Bragulat','11.1','BManagement HL');
INSERT INTO "ClassInfo" VALUES(1775,'Davis',NULL,'/ Kamibeppu Senior Sem');
INSERT INTO "ClassInfo" VALUES(1776,'Gibbs','11.1','GP HL');
INSERT INTO "ClassInfo" VALUES(1777,'Whitehair','11','Chem HL Xtra');
INSERT INTO "ClassInfo" VALUES(1778,'Bauer','10','Chem');
INSERT INTO "ClassInfo" VALUES(1779,'Hughes','12.2','Math Apps SL');
INSERT INTO "ClassInfo" VALUES(1780,'Cates','11.1','Math Analysis HL');
INSERT INTO "ClassInfo" VALUES(1781,'Fazio','1','Physics S S');
INSERT INTO "ClassInfo" VALUES(1782,'Alannah','11','Bio HL');
INSERT INTO "ClassInfo" VALUES(1783,'Dolan','12.2','Math Analysis SL');
INSERT INTO "ClassInfo" VALUES(1784,'LS',NULL,'');
INSERT INTO "ClassInfo" VALUES(1785,'Coyle','2','IM');
INSERT INTO "ClassInfo" VALUES(1786,'Codina','11.2','Spanish A SL');
INSERT INTO "ClassInfo" VALUES(1787,'Míguez','10.1','SLC Beginner /');
INSERT INTO "ClassInfo" VALUES(1788,'Kurata','1','Math');
INSERT INTO "ClassInfo" VALUES(1789,'del Rio ','9.2','');
INSERT INTO "ClassInfo" VALUES(1790,'Arguelles','12.1','English HL');
INSERT INTO "ClassInfo" VALUES(1791,'Ventrice','11.1','IB Film HL/SL');
INSERT INTO "ClassInfo" VALUES(1792,'B.English','12.1','Psychology HL');
INSERT INTO "ClassInfo" VALUES(1793,'Hautala','12.1','BManagement HL');
INSERT INTO "ClassInfo" VALUES(1794,'Bingle','11.1','History HL / SL');
INSERT INTO "ClassInfo" VALUES(1795,'Gibbs','12.1','GP HL');
INSERT INTO "ClassInfo" VALUES(1796,'Bartlett','12','Phys HL');
INSERT INTO "ClassInfo" VALUES(1797,'Whitehair','12','Chem HL');
INSERT INTO "ClassInfo" VALUES(1798,'Alcantud','11','Chem SL');
INSERT INTO "ClassInfo" VALUES(1799,'Bauer','11','ESS SL');
INSERT INTO "ClassInfo" VALUES(1800,'Cates','11.3','Math Analysis SL');
INSERT INTO "ClassInfo" VALUES(1801,'Fazio','2','Math');
INSERT INTO "ClassInfo" VALUES(1802,'Horowitz','10.1','Pre-Calculus');
INSERT INTO "ClassInfo" VALUES(1803,'Dolan','3','Math');
INSERT INTO "ClassInfo" VALUES(1804,'LS',NULL,'');
INSERT INTO "ClassInfo" VALUES(1805,'Yearbook',NULL,'(Valentina)');
INSERT INTO "ClassInfo" VALUES(1806,'Photography',NULL,'(Brown)');
INSERT INTO "ClassInfo" VALUES(1807,'Fantasy',NULL,'Sports (Dowell)');
INSERT INTO "ClassInfo" VALUES(1808,'Read',NULL,'and Blue (Freer)');
INSERT INTO "ClassInfo" VALUES(1809,'MUN',NULL,'(Villanueva)');
INSERT INTO "ClassInfo" VALUES(1810,'MUN',NULL,'(gibbs)');
INSERT INTO "ClassInfo" VALUES(1811,'Oracy',NULL,'(Niculescu)');
INSERT INTO "ClassInfo" VALUES(1812,'Relaxation',NULL,'(ventrice)');
INSERT INTO "ClassInfo" VALUES(1813,'GS','12','A Dezerne');
INSERT INTO "ClassInfo" VALUES(1814,'GS12B6','12','Haulata');
INSERT INTO "ClassInfo" VALUES(1815,'GS','11','C Bingle');
INSERT INTO "ClassInfo" VALUES(1816,'FemStem',NULL,'(Dante /Bauer)');
INSERT INTO "ClassInfo" VALUES(1817,'GS','12','Evans D');
INSERT INTO "ClassInfo" VALUES(1818,'Eco',NULL,'Club (Iverson)');
INSERT INTO "ClassInfo" VALUES(1819,'GS','11','B Cates');
INSERT INTO "ClassInfo" VALUES(1820,'CP',NULL,'Pickett');
INSERT INTO "ClassInfo" VALUES(1821,'?',NULL,'migh be for Math Support');
INSERT INTO "ClassInfo" VALUES(1822,'Reading',NULL,'Strategics (Pendell)');
INSERT INTO "ClassInfo" VALUES(1823,'LS',NULL,'');
INSERT INTO "ClassInfo" VALUES(1824,'Coyle','2','IM');
INSERT INTO "ClassInfo" VALUES(1825,'Brown','10.4','WS');
INSERT INTO "ClassInfo" VALUES(1826,'Compton','11.1','BMan SL');
INSERT INTO "ClassInfo" VALUES(1827,'Kurata','1.9.2','Math');
INSERT INTO "ClassInfo" VALUES(1828,'del Rio ','11.1','');
INSERT INTO "ClassInfo" VALUES(1829,'Arguelles','12.2','English HL');
INSERT INTO "ClassInfo" VALUES(1830,'Freer','11.1','English LIT HL/SL');
INSERT INTO "ClassInfo" VALUES(1831,'Ventrice','11.1','Spanish LIT HL/SL');
INSERT INTO "ClassInfo" VALUES(1832,'B.English','10.3','WS');
INSERT INTO "ClassInfo" VALUES(1833,'Bragulat','12.1','Economics HL');
INSERT INTO "ClassInfo" VALUES(1834,'Bingle','12.2','TOK');
INSERT INTO "ClassInfo" VALUES(1835,'Carle','12.1','CScience HL');
INSERT INTO "ClassInfo" VALUES(1836,'Bartlett','12','Phys HL');
INSERT INTO "ClassInfo" VALUES(1837,'Meyer','12','ESS HL');
INSERT INTO "ClassInfo" VALUES(1838,'Evans','11.5','TOK ()');
INSERT INTO "ClassInfo" VALUES(1839,'Cates','12.1','Math Analysis HL');
INSERT INTO "ClassInfo" VALUES(1840,'Dolan','11.2','Math Analysis SL');
INSERT INTO "ClassInfo" VALUES(1841,'Horowitz','3','Math');
INSERT INTO "ClassInfo" VALUES(1842,'LS',NULL,'');
INSERT INTO "ClassInfo" VALUES(1843,'9A','9','Iverson / Cheallaigh-Mhuirí');
INSERT INTO "ClassInfo" VALUES(1844,'9B','9','Horowitz / Kitch');
INSERT INTO "ClassInfo" VALUES(1845,'9C','9','Alvarez / del Rio');
INSERT INTO "ClassInfo" VALUES(1846,'9D','9','Freer / Pendell');
INSERT INTO "ClassInfo" VALUES(1847,'10D','10','Cates / Dolan');
INSERT INTO "ClassInfo" VALUES(1848,'10B','10','Arguelles / Bauer');
INSERT INTO "ClassInfo" VALUES(1849,'10A','10','Pickett / Mazzanti');
INSERT INTO "ClassInfo" VALUES(1850,'11B','11','Ventrice / Brown');
INSERT INTO "ClassInfo" VALUES(1851,'10C','10','Gomez / English');
INSERT INTO "ClassInfo" VALUES(1852,'11','11','E Alcantud / Niculescu');
INSERT INTO "ClassInfo" VALUES(1853,'11D','11','Bingle / Barajas');
INSERT INTO "ClassInfo" VALUES(1854,'11C','11','Bartlett / Kurtz');
INSERT INTO "ClassInfo" VALUES(1855,'12A','12','Meyer / Compton');
INSERT INTO "ClassInfo" VALUES(1856,'12B','12','Codina / Whitehair');
INSERT INTO "ClassInfo" VALUES(1857,'11A','11','Miguez / Hautala');
INSERT INTO "ClassInfo" VALUES(1858,'11/12F','11','Link Crew');
INSERT INTO "ClassInfo" VALUES(1859,'12C','12','Davis / Bragulat');
INSERT INTO "ClassInfo" VALUES(1860,'12D','12','Thompson / Kamibeppu');
INSERT INTO "ClassInfo" VALUES(1861,'9A','9','Iverson / Cheallaigh-Mhuirí');
INSERT INTO "ClassInfo" VALUES(1862,'9B','9','Horowitz / Kitch');
INSERT INTO "ClassInfo" VALUES(1863,'9C','9','Alvarez / del Rio');
INSERT INTO "ClassInfo" VALUES(1864,'9D','9','Freer / Pendell');
INSERT INTO "ClassInfo" VALUES(1865,'10D','10','Cates / Dolan');
INSERT INTO "ClassInfo" VALUES(1866,'10B','10','Arguelles / Bauer');
INSERT INTO "ClassInfo" VALUES(1867,'10A','10','Pickett / Mazzanti');
INSERT INTO "ClassInfo" VALUES(1868,'11B','11','Ventrice / Brown');
INSERT INTO "ClassInfo" VALUES(1869,'10C','10','Gomez / English');
INSERT INTO "ClassInfo" VALUES(1870,'11','11','E Alcantud / Niculescu');
INSERT INTO "ClassInfo" VALUES(1871,'11D','11','Bingle / Barajas');
INSERT INTO "ClassInfo" VALUES(1872,'11C','11','Bartlett / Kurtz');
INSERT INTO "ClassInfo" VALUES(1873,'12A','12','Meyer / Compton');
INSERT INTO "ClassInfo" VALUES(1874,'12B','12','Codina / Whitehair');
INSERT INTO "ClassInfo" VALUES(1875,'11A','11','Miguez / Hautala');
INSERT INTO "ClassInfo" VALUES(1876,'11/12F','11','Link Crew');
INSERT INTO "ClassInfo" VALUES(1877,'12C','12','Davis / Bragulat');
INSERT INTO "ClassInfo" VALUES(1878,'12D','12','Thompson / Kamibeppu');
INSERT INTO "ClassInfo" VALUES(1879,'9A','9','Iverson / Cheallaigh-Mhuirí');
INSERT INTO "ClassInfo" VALUES(1880,'9B','9','Horowitz / Kitch');
INSERT INTO "ClassInfo" VALUES(1881,'9C','9','Alvarez / del Rio');
INSERT INTO "ClassInfo" VALUES(1882,'9D','9','Freer / Pendell');
INSERT INTO "ClassInfo" VALUES(1883,'10D','10','Cates / Dolan');
INSERT INTO "ClassInfo" VALUES(1884,'10B','10','Arguelles / Bauer');
INSERT INTO "ClassInfo" VALUES(1885,'10A','10','Pickett / Mazzanti');
INSERT INTO "ClassInfo" VALUES(1886,'11B','11','Ventrice / Brown');
INSERT INTO "ClassInfo" VALUES(1887,'10C','10','Gomez / English');
INSERT INTO "ClassInfo" VALUES(1888,'11','11','E Alcantud / Niculescu');
INSERT INTO "ClassInfo" VALUES(1889,'11D','11','Bingle / Barajas');
INSERT INTO "ClassInfo" VALUES(1890,'11C','11','Bartlett / Kurtz');
INSERT INTO "ClassInfo" VALUES(1891,'12A','12','Meyer / Compton');
INSERT INTO "ClassInfo" VALUES(1892,'12B','12','Codina / Whitehair');
INSERT INTO "ClassInfo" VALUES(1893,'11A','11','Miguez / Hautala');
INSERT INTO "ClassInfo" VALUES(1894,'11/12F','11','Link Crew');
INSERT INTO "ClassInfo" VALUES(1895,'12C','12','Davis / Bragulat');
INSERT INTO "ClassInfo" VALUES(1896,'12D','12','Thompson / Kamibeppu');
INSERT INTO "ClassInfo" VALUES(1897,'9A','9','Iverson / Cheallaigh-Mhuirí');
INSERT INTO "ClassInfo" VALUES(1898,'9B','9','Horowitz / Kitch');
INSERT INTO "ClassInfo" VALUES(1899,'9C','9','Alvarez / del Rio');
INSERT INTO "ClassInfo" VALUES(1900,'9D','9','Freer / Pendell');
INSERT INTO "ClassInfo" VALUES(1901,'10D','10','Cates / Dolan');
INSERT INTO "ClassInfo" VALUES(1902,'10B','10','Arguelles / Bauer');
INSERT INTO "ClassInfo" VALUES(1903,'10A','10','Pickett / Mazzanti');
INSERT INTO "ClassInfo" VALUES(1904,'11B','11','Ventrice / Brown');
INSERT INTO "ClassInfo" VALUES(1905,'10C','10','Gomez / English');
INSERT INTO "ClassInfo" VALUES(1906,'11','11','E Alcantud / Niculescu');
INSERT INTO "ClassInfo" VALUES(1907,'11D','11','Bingle / Barajas');
INSERT INTO "ClassInfo" VALUES(1908,'11C','11','Bartlett / Kurtz');
INSERT INTO "ClassInfo" VALUES(1909,'12A','12','Meyer / Compton');
INSERT INTO "ClassInfo" VALUES(1910,'12B','12','Codina / Whitehair');
INSERT INTO "ClassInfo" VALUES(1911,'11A','11','Miguez / Hautala');
INSERT INTO "ClassInfo" VALUES(1912,'11/12F','11','Link Crew');
INSERT INTO "ClassInfo" VALUES(1913,'12C','12','Davis / Bragulat');
INSERT INTO "ClassInfo" VALUES(1914,'12D','12','Thompson / Kamibeppu');
INSERT INTO "ClassInfo" VALUES(1915,'9A','9','Iverson / Cheallaigh-Mhuirí');
INSERT INTO "ClassInfo" VALUES(1916,'9B','9','Horowitz / Kitch');
INSERT INTO "ClassInfo" VALUES(1917,'9C','9','Alvarez / del Rio');
INSERT INTO "ClassInfo" VALUES(1918,'9D','9','Freer / Pendell');
INSERT INTO "ClassInfo" VALUES(1919,'10D','10','Cates / Dolan');
INSERT INTO "ClassInfo" VALUES(1920,'10B','10','Arguelles / Bauer');
INSERT INTO "ClassInfo" VALUES(1921,'10A','10','Pickett / Mazzanti');
INSERT INTO "ClassInfo" VALUES(1922,'11B','11','Ventrice / Brown');
INSERT INTO "ClassInfo" VALUES(1923,'10C','10','Gomez / English');
INSERT INTO "ClassInfo" VALUES(1924,'11','11','E Alcantud / Niculescu');
INSERT INTO "ClassInfo" VALUES(1925,'11D','11','Bingle / Barajas');
INSERT INTO "ClassInfo" VALUES(1926,'11C','11','Bartlett / Kurtz');
INSERT INTO "ClassInfo" VALUES(1927,'12A','12','Meyer / Compton');
INSERT INTO "ClassInfo" VALUES(1928,'12B','12','Codina / Whitehair');
INSERT INTO "ClassInfo" VALUES(1929,'11A','11','Miguez / Hautala');
INSERT INTO "ClassInfo" VALUES(1930,'11/12F','11','Link Crew');
INSERT INTO "ClassInfo" VALUES(1931,'12C','12','Davis / Bragulat');
INSERT INTO "ClassInfo" VALUES(1932,'12D','12','Thompson / Kamibeppu');
INSERT INTO "ClassInfo" VALUES(1933,'9A','9','Iverson / Cheallaigh-Mhuirí');
INSERT INTO "ClassInfo" VALUES(1934,'9B','9','Horowitz / Kitch');
INSERT INTO "ClassInfo" VALUES(1935,'9C','9','Alvarez / del Rio');
INSERT INTO "ClassInfo" VALUES(1936,'9D','9','Freer / Pendell');
INSERT INTO "ClassInfo" VALUES(1937,'10D','10','Cates / Dolan');
INSERT INTO "ClassInfo" VALUES(1938,'10B','10','Arguelles / Bauer');
INSERT INTO "ClassInfo" VALUES(1939,'10A','10','Pickett / Mazzanti');
INSERT INTO "ClassInfo" VALUES(1940,'11B','11','Ventrice / Brown');
INSERT INTO "ClassInfo" VALUES(1941,'10C','10','Gomez / English');
INSERT INTO "ClassInfo" VALUES(1942,'11','11','E Alcantud / Niculescu');
INSERT INTO "ClassInfo" VALUES(1943,'11D','11','Bingle / Barajas');
INSERT INTO "ClassInfo" VALUES(1944,'11C','11','Bartlett / Kurtz');
INSERT INTO "ClassInfo" VALUES(1945,'12A','12','Meyer / Compton');
INSERT INTO "ClassInfo" VALUES(1946,'12B','12','Codina / Whitehair');
INSERT INTO "ClassInfo" VALUES(1947,'11A','11','Miguez / Hautala');
INSERT INTO "ClassInfo" VALUES(1948,'11/12F','11','Link Crew');
INSERT INTO "ClassInfo" VALUES(1949,'12C','12','Davis / Bragulat');
INSERT INTO "ClassInfo" VALUES(1950,'12D','12','Thompson / Kamibeppu');
CREATE TABLE "ClassSchedule" (
  ScheduleID INTEGER PRIMARY KEY AUTOINCREMENT,
  ClassID    INTEGER NOT NULL,
  Day        TEXT CHECK (Day IN ('Day1','Day2','Day3','Day4','Day5','Day6')),
  Period     TEXT,
  RoomID     INTEGER NOT NULL,
  FOREIGN KEY (ClassID) REFERENCES "Classes"(ClassID),
  FOREIGN KEY (RoomID) REFERENCES RoomInfo(RoomID)
);
INSERT INTO "ClassSchedule" VALUES(1254,352,'Day1','P1',2);
INSERT INTO "ClassSchedule" VALUES(1255,353,'Day1','P1',4);
INSERT INTO "ClassSchedule" VALUES(1256,354,'Day1','P1',5);
INSERT INTO "ClassSchedule" VALUES(1257,355,'Day1','P1',7);
INSERT INTO "ClassSchedule" VALUES(1258,356,'Day1','P1',10);
INSERT INTO "ClassSchedule" VALUES(1259,357,'Day1','P1',11);
INSERT INTO "ClassSchedule" VALUES(1260,358,'Day1','P1',12);
INSERT INTO "ClassSchedule" VALUES(1261,359,'Day1','P1',13);
INSERT INTO "ClassSchedule" VALUES(1262,360,'Day1','P1',14);
INSERT INTO "ClassSchedule" VALUES(1263,361,'Day1','P1',17);
INSERT INTO "ClassSchedule" VALUES(1264,362,'Day1','P1',18);
INSERT INTO "ClassSchedule" VALUES(1265,363,'Day1','P1',21);
INSERT INTO "ClassSchedule" VALUES(1266,364,'Day1','P1',22);
INSERT INTO "ClassSchedule" VALUES(1267,365,'Day1','P1',23);
INSERT INTO "ClassSchedule" VALUES(1268,366,'Day1','P1',24);
INSERT INTO "ClassSchedule" VALUES(1269,367,'Day1','P1',25);
INSERT INTO "ClassSchedule" VALUES(1270,368,'Day1','P1',26);
INSERT INTO "ClassSchedule" VALUES(1271,369,'Day1','P1',28);
INSERT INTO "ClassSchedule" VALUES(1272,370,'Day1','P1',29);
INSERT INTO "ClassSchedule" VALUES(1273,371,'Day1','P1',30);
INSERT INTO "ClassSchedule" VALUES(1274,372,'Day1','P1',27);
INSERT INTO "ClassSchedule" VALUES(1275,374,'Day1','P2',2);
INSERT INTO "ClassSchedule" VALUES(1276,375,'Day1','P2',4);
INSERT INTO "ClassSchedule" VALUES(1277,376,'Day1','P2',5);
INSERT INTO "ClassSchedule" VALUES(1278,377,'Day1','P2',7);
INSERT INTO "ClassSchedule" VALUES(1279,378,'Day1','P2',10);
INSERT INTO "ClassSchedule" VALUES(1280,379,'Day1','P2',11);
INSERT INTO "ClassSchedule" VALUES(1281,380,'Day1','P2',12);
INSERT INTO "ClassSchedule" VALUES(1282,381,'Day1','P2',13);
INSERT INTO "ClassSchedule" VALUES(1283,382,'Day1','P2',14);
INSERT INTO "ClassSchedule" VALUES(1284,383,'Day1','P2',17);
INSERT INTO "ClassSchedule" VALUES(1285,384,'Day1','P2',18);
INSERT INTO "ClassSchedule" VALUES(1286,385,'Day1','P2',21);
INSERT INTO "ClassSchedule" VALUES(1287,386,'Day1','P2',22);
INSERT INTO "ClassSchedule" VALUES(1288,387,'Day1','P2',23);
INSERT INTO "ClassSchedule" VALUES(1289,388,'Day1','P2',24);
INSERT INTO "ClassSchedule" VALUES(1290,389,'Day1','P2',25);
INSERT INTO "ClassSchedule" VALUES(1291,390,'Day1','P2',26);
INSERT INTO "ClassSchedule" VALUES(1292,391,'Day1','P2',28);
INSERT INTO "ClassSchedule" VALUES(1293,392,'Day1','P2',29);
INSERT INTO "ClassSchedule" VALUES(1294,393,'Day1','P2',30);
INSERT INTO "ClassSchedule" VALUES(1295,372,'Day1','P2',27);
INSERT INTO "ClassSchedule" VALUES(1296,395,'Day1','P3',2);
INSERT INTO "ClassSchedule" VALUES(1297,396,'Day1','P3',4);
INSERT INTO "ClassSchedule" VALUES(1298,397,'Day1','P3',5);
INSERT INTO "ClassSchedule" VALUES(1299,398,'Day1','P3',7);
INSERT INTO "ClassSchedule" VALUES(1300,399,'Day1','P3',10);
INSERT INTO "ClassSchedule" VALUES(1301,400,'Day1','P3',11);
INSERT INTO "ClassSchedule" VALUES(1302,401,'Day1','P3',12);
INSERT INTO "ClassSchedule" VALUES(1303,402,'Day1','P3',13);
INSERT INTO "ClassSchedule" VALUES(1304,403,'Day1','P3',14);
INSERT INTO "ClassSchedule" VALUES(1305,404,'Day1','P3',17);
INSERT INTO "ClassSchedule" VALUES(1306,405,'Day1','P3',18);
INSERT INTO "ClassSchedule" VALUES(1307,406,'Day1','P3',21);
INSERT INTO "ClassSchedule" VALUES(1308,388,'Day1','P3',22);
INSERT INTO "ClassSchedule" VALUES(1309,365,'Day1','P3',23);
INSERT INTO "ClassSchedule" VALUES(1310,407,'Day1','P3',24);
INSERT INTO "ClassSchedule" VALUES(1311,408,'Day1','P3',25);
INSERT INTO "ClassSchedule" VALUES(1312,409,'Day1','P3',26);
INSERT INTO "ClassSchedule" VALUES(1313,410,'Day1','P3',28);
INSERT INTO "ClassSchedule" VALUES(1314,411,'Day1','P3',29);
INSERT INTO "ClassSchedule" VALUES(1315,412,'Day1','P3',30);
INSERT INTO "ClassSchedule" VALUES(1316,372,'Day1','P3',27);
INSERT INTO "ClassSchedule" VALUES(1317,4,'Day1','Lynx',2);
INSERT INTO "ClassSchedule" VALUES(1318,13,'Day1','Lynx',4);
INSERT INTO "ClassSchedule" VALUES(1319,26,'Day1','Lynx',5);
INSERT INTO "ClassSchedule" VALUES(1320,40,'Day1','Lynx',7);
INSERT INTO "ClassSchedule" VALUES(1321,414,'Day1','Lynx',10);
INSERT INTO "ClassSchedule" VALUES(1322,415,'Day1','Lynx',11);
INSERT INTO "ClassSchedule" VALUES(1323,416,'Day1','Lynx',12);
INSERT INTO "ClassSchedule" VALUES(1324,417,'Day1','Lynx',13);
INSERT INTO "ClassSchedule" VALUES(1325,418,'Day1','Lynx',14);
INSERT INTO "ClassSchedule" VALUES(1326,419,'Day1','Lynx',17);
INSERT INTO "ClassSchedule" VALUES(1327,420,'Day1','Lynx',18);
INSERT INTO "ClassSchedule" VALUES(1328,421,'Day1','Lynx',21);
INSERT INTO "ClassSchedule" VALUES(1329,422,'Day1','Lynx',24);
INSERT INTO "ClassSchedule" VALUES(1330,423,'Day1','Lynx',26);
INSERT INTO "ClassSchedule" VALUES(1331,424,'Day1','Lynx',28);
INSERT INTO "ClassSchedule" VALUES(1332,425,'Day1','Lynx',29);
INSERT INTO "ClassSchedule" VALUES(1333,426,'Day1','Lynx',30);
INSERT INTO "ClassSchedule" VALUES(1334,372,'Day1','Lynx',27);
INSERT INTO "ClassSchedule" VALUES(1335,372,'Day1','Lunch',27);
INSERT INTO "ClassSchedule" VALUES(1336,429,'Day1','P4',4);
INSERT INTO "ClassSchedule" VALUES(1337,430,'Day1','P4',5);
INSERT INTO "ClassSchedule" VALUES(1338,431,'Day1','P4',7);
INSERT INTO "ClassSchedule" VALUES(1339,362,'Day1','P4',10);
INSERT INTO "ClassSchedule" VALUES(1340,432,'Day1','P4',11);
INSERT INTO "ClassSchedule" VALUES(1341,433,'Day1','P4',12);
INSERT INTO "ClassSchedule" VALUES(1342,434,'Day1','P4',13);
INSERT INTO "ClassSchedule" VALUES(1343,435,'Day1','P4',14);
INSERT INTO "ClassSchedule" VALUES(1344,436,'Day1','P4',17);
INSERT INTO "ClassSchedule" VALUES(1345,437,'Day1','P4',18);
INSERT INTO "ClassSchedule" VALUES(1346,438,'Day1','P4',21);
INSERT INTO "ClassSchedule" VALUES(1347,439,'Day1','P4',22);
INSERT INTO "ClassSchedule" VALUES(1348,440,'Day1','P4',24);
INSERT INTO "ClassSchedule" VALUES(1349,441,'Day1','P4',25);
INSERT INTO "ClassSchedule" VALUES(1350,442,'Day1','P4',29);
INSERT INTO "ClassSchedule" VALUES(1351,443,'Day1','P4',30);
INSERT INTO "ClassSchedule" VALUES(1352,372,'Day1','P4',27);
INSERT INTO "ClassSchedule" VALUES(1353,444,'Day2','P1',4);
INSERT INTO "ClassSchedule" VALUES(1354,445,'Day2','P1',5);
INSERT INTO "ClassSchedule" VALUES(1355,446,'Day2','P1',7);
INSERT INTO "ClassSchedule" VALUES(1356,447,'Day2','P1',10);
INSERT INTO "ClassSchedule" VALUES(1357,432,'Day2','P1',11);
INSERT INTO "ClassSchedule" VALUES(1358,448,'Day2','P1',12);
INSERT INTO "ClassSchedule" VALUES(1359,449,'Day2','P1',13);
INSERT INTO "ClassSchedule" VALUES(1360,450,'Day2','P1',14);
INSERT INTO "ClassSchedule" VALUES(1361,436,'Day2','P1',17);
INSERT INTO "ClassSchedule" VALUES(1362,451,'Day2','P1',18);
INSERT INTO "ClassSchedule" VALUES(1363,438,'Day2','P1',21);
INSERT INTO "ClassSchedule" VALUES(1364,439,'Day2','P1',22);
INSERT INTO "ClassSchedule" VALUES(1365,452,'Day2','P1',23);
INSERT INTO "ClassSchedule" VALUES(1366,453,'Day2','P1',24);
INSERT INTO "ClassSchedule" VALUES(1367,454,'Day2','P1',25);
INSERT INTO "ClassSchedule" VALUES(1368,455,'Day2','P1',26);
INSERT INTO "ClassSchedule" VALUES(1369,391,'Day2','P1',28);
INSERT INTO "ClassSchedule" VALUES(1370,456,'Day2','P1',30);
INSERT INTO "ClassSchedule" VALUES(1371,372,'Day2','P1',27);
INSERT INTO "ClassSchedule" VALUES(1372,395,'Day2','P2',2);
INSERT INTO "ClassSchedule" VALUES(1373,457,'Day2','P2',4);
INSERT INTO "ClassSchedule" VALUES(1374,458,'Day2','P2',5);
INSERT INTO "ClassSchedule" VALUES(1375,397,'Day2','P2',7);
INSERT INTO "ClassSchedule" VALUES(1376,459,'Day2','P2',10);
INSERT INTO "ClassSchedule" VALUES(1377,460,'Day2','P2',11);
INSERT INTO "ClassSchedule" VALUES(1378,461,'Day2','P2',12);
INSERT INTO "ClassSchedule" VALUES(1379,462,'Day2','P2',13);
INSERT INTO "ClassSchedule" VALUES(1380,463,'Day2','P2',14);
INSERT INTO "ClassSchedule" VALUES(1381,464,'Day2','P2',17);
INSERT INTO "ClassSchedule" VALUES(1382,408,'Day2','P2',18);
INSERT INTO "ClassSchedule" VALUES(1383,465,'Day2','P2',21);
INSERT INTO "ClassSchedule" VALUES(1384,466,'Day2','P2',22);
INSERT INTO "ClassSchedule" VALUES(1385,467,'Day2','P2',23);
INSERT INTO "ClassSchedule" VALUES(1386,468,'Day2','P2',25);
INSERT INTO "ClassSchedule" VALUES(1387,469,'Day2','P2',26);
INSERT INTO "ClassSchedule" VALUES(1388,470,'Day2','P2',28);
INSERT INTO "ClassSchedule" VALUES(1389,471,'Day2','P2',29);
INSERT INTO "ClassSchedule" VALUES(1390,412,'Day2','P2',30);
INSERT INTO "ClassSchedule" VALUES(1391,372,'Day2','P2',27);
INSERT INTO "ClassSchedule" VALUES(1392,472,'Day2','P3',2);
INSERT INTO "ClassSchedule" VALUES(1393,473,'Day2','P3',4);
INSERT INTO "ClassSchedule" VALUES(1394,474,'Day2','P3',5);
INSERT INTO "ClassSchedule" VALUES(1395,475,'Day2','P3',7);
INSERT INTO "ClassSchedule" VALUES(1396,476,'Day2','P3',10);
INSERT INTO "ClassSchedule" VALUES(1397,477,'Day2','P3',11);
INSERT INTO "ClassSchedule" VALUES(1398,478,'Day2','P3',12);
INSERT INTO "ClassSchedule" VALUES(1399,362,'Day2','P3',13);
INSERT INTO "ClassSchedule" VALUES(1400,479,'Day2','P3',14);
INSERT INTO "ClassSchedule" VALUES(1401,480,'Day2','P3',17);
INSERT INTO "ClassSchedule" VALUES(1402,481,'Day2','P3',18);
INSERT INTO "ClassSchedule" VALUES(1403,482,'Day2','P3',21);
INSERT INTO "ClassSchedule" VALUES(1404,483,'Day2','P3',23);
INSERT INTO "ClassSchedule" VALUES(1405,484,'Day2','P3',24);
INSERT INTO "ClassSchedule" VALUES(1406,454,'Day2','P3',25);
INSERT INTO "ClassSchedule" VALUES(1407,485,'Day2','P3',26);
INSERT INTO "ClassSchedule" VALUES(1408,486,'Day2','P3',28);
INSERT INTO "ClassSchedule" VALUES(1409,487,'Day2','P3',29);
INSERT INTO "ClassSchedule" VALUES(1410,488,'Day2','P3',30);
INSERT INTO "ClassSchedule" VALUES(1411,372,'Day2','P3',27);
INSERT INTO "ClassSchedule" VALUES(1412,6,'Day2','Lynx',2);
INSERT INTO "ClassSchedule" VALUES(1413,18,'Day2','Lynx',4);
INSERT INTO "ClassSchedule" VALUES(1414,31,'Day2','Lynx',5);
INSERT INTO "ClassSchedule" VALUES(1415,44,'Day2','Lynx',7);
INSERT INTO "ClassSchedule" VALUES(1416,57,'Day2','Lynx',10);
INSERT INTO "ClassSchedule" VALUES(1417,71,'Day2','Lynx',11);
INSERT INTO "ClassSchedule" VALUES(1418,85,'Day2','Lynx',12);
INSERT INTO "ClassSchedule" VALUES(1419,96,'Day2','Lynx',13);
INSERT INTO "ClassSchedule" VALUES(1420,111,'Day2','Lynx',14);
INSERT INTO "ClassSchedule" VALUES(1421,127,'Day2','Lynx',17);
INSERT INTO "ClassSchedule" VALUES(1422,138,'Day2','Lynx',18);
INSERT INTO "ClassSchedule" VALUES(1423,290,'Day2','Lynx',21);
INSERT INTO "ClassSchedule" VALUES(1424,162,'Day2','Lynx',22);
INSERT INTO "ClassSchedule" VALUES(1425,173,'Day2','Lynx',23);
INSERT INTO "ClassSchedule" VALUES(1426,291,'Day2','Lynx',24);
INSERT INTO "ClassSchedule" VALUES(1427,292,'Day2','Lynx',25);
INSERT INTO "ClassSchedule" VALUES(1428,209,'Day2','Lynx',26);
INSERT INTO "ClassSchedule" VALUES(1429,293,'Day2','Lynx',28);
INSERT INTO "ClassSchedule" VALUES(1430,234,'Day2','Lynx',29);
INSERT INTO "ClassSchedule" VALUES(1431,247,'Day2','Lynx',30);
INSERT INTO "ClassSchedule" VALUES(1432,294,'Day2','Lynx',27);
INSERT INTO "ClassSchedule" VALUES(1433,372,'Day2','Lunch',27);
INSERT INTO "ClassSchedule" VALUES(1434,489,'Day2','P4',5);
INSERT INTO "ClassSchedule" VALUES(1435,490,'Day2','P4',7);
INSERT INTO "ClassSchedule" VALUES(1436,491,'Day2','P4',10);
INSERT INTO "ClassSchedule" VALUES(1437,492,'Day2','P4',11);
INSERT INTO "ClassSchedule" VALUES(1438,358,'Day2','P4',12);
INSERT INTO "ClassSchedule" VALUES(1439,493,'Day2','P4',13);
INSERT INTO "ClassSchedule" VALUES(1440,494,'Day2','P4',14);
INSERT INTO "ClassSchedule" VALUES(1441,361,'Day2','P4',17);
INSERT INTO "ClassSchedule" VALUES(1442,495,'Day2','P4',18);
INSERT INTO "ClassSchedule" VALUES(1443,496,'Day2','P4',21);
INSERT INTO "ClassSchedule" VALUES(1444,364,'Day2','P4',22);
INSERT INTO "ClassSchedule" VALUES(1445,407,'Day2','P4',24);
INSERT INTO "ClassSchedule" VALUES(1446,497,'Day2','P4',26);
INSERT INTO "ClassSchedule" VALUES(1447,498,'Day2','P4',28);
INSERT INTO "ClassSchedule" VALUES(1448,370,'Day2','P4',29);
INSERT INTO "ClassSchedule" VALUES(1449,499,'Day2','P4',30);
INSERT INTO "ClassSchedule" VALUES(1450,372,'Day2','P4',27);
INSERT INTO "ClassSchedule" VALUES(1451,429,'Day3','P1',4);
INSERT INTO "ClassSchedule" VALUES(1452,430,'Day3','P1',5);
INSERT INTO "ClassSchedule" VALUES(1453,431,'Day3','P1',7);
INSERT INTO "ClassSchedule" VALUES(1454,500,'Day3','P1',10);
INSERT INTO "ClassSchedule" VALUES(1455,460,'Day3','P1',11);
INSERT INTO "ClassSchedule" VALUES(1456,433,'Day3','P1',12);
INSERT INTO "ClassSchedule" VALUES(1457,501,'Day3','P1',13);
INSERT INTO "ClassSchedule" VALUES(1458,502,'Day3','P1',14);
INSERT INTO "ClassSchedule" VALUES(1459,464,'Day3','P1',17);
INSERT INTO "ClassSchedule" VALUES(1460,437,'Day3','P1',18);
INSERT INTO "ClassSchedule" VALUES(1461,465,'Day3','P1',21);
INSERT INTO "ClassSchedule" VALUES(1462,466,'Day3','P1',22);
INSERT INTO "ClassSchedule" VALUES(1463,503,'Day3','P1',23);
INSERT INTO "ClassSchedule" VALUES(1464,441,'Day3','P1',25);
INSERT INTO "ClassSchedule" VALUES(1465,469,'Day3','P1',26);
INSERT INTO "ClassSchedule" VALUES(1466,504,'Day3','P1',28);
INSERT INTO "ClassSchedule" VALUES(1467,505,'Day3','P1',29);
INSERT INTO "ClassSchedule" VALUES(1468,443,'Day3','P1',30);
INSERT INTO "ClassSchedule" VALUES(1469,372,'Day3','P1',27);
INSERT INTO "ClassSchedule" VALUES(1470,352,'Day3','P2',2);
INSERT INTO "ClassSchedule" VALUES(1471,353,'Day3','P2',4);
INSERT INTO "ClassSchedule" VALUES(1472,506,'Day3','P2',5);
INSERT INTO "ClassSchedule" VALUES(1473,355,'Day3','P2',7);
INSERT INTO "ClassSchedule" VALUES(1474,356,'Day3','P2',10);
INSERT INTO "ClassSchedule" VALUES(1475,357,'Day3','P2',11);
INSERT INTO "ClassSchedule" VALUES(1476,507,'Day3','P2',12);
INSERT INTO "ClassSchedule" VALUES(1477,359,'Day3','P2',13);
INSERT INTO "ClassSchedule" VALUES(1478,508,'Day3','P2',14);
INSERT INTO "ClassSchedule" VALUES(1479,361,'Day3','P2',17);
INSERT INTO "ClassSchedule" VALUES(1480,509,'Day3','P2',18);
INSERT INTO "ClassSchedule" VALUES(1481,510,'Day3','P2',21);
INSERT INTO "ClassSchedule" VALUES(1482,364,'Day3','P2',22);
INSERT INTO "ClassSchedule" VALUES(1483,365,'Day3','P2',23);
INSERT INTO "ClassSchedule" VALUES(1484,511,'Day3','P2',24);
INSERT INTO "ClassSchedule" VALUES(1485,367,'Day3','P2',25);
INSERT INTO "ClassSchedule" VALUES(1486,368,'Day3','P2',26);
INSERT INTO "ClassSchedule" VALUES(1487,486,'Day3','P2',28);
INSERT INTO "ClassSchedule" VALUES(1488,370,'Day3','P2',29);
INSERT INTO "ClassSchedule" VALUES(1489,371,'Day3','P2',30);
INSERT INTO "ClassSchedule" VALUES(1490,372,'Day3','P2',27);
INSERT INTO "ClassSchedule" VALUES(1491,374,'Day3','P3',2);
INSERT INTO "ClassSchedule" VALUES(1492,375,'Day3','P3',4);
INSERT INTO "ClassSchedule" VALUES(1493,376,'Day3','P3',5);
INSERT INTO "ClassSchedule" VALUES(1494,475,'Day3','P3',7);
INSERT INTO "ClassSchedule" VALUES(1495,408,'Day3','P3',10);
INSERT INTO "ClassSchedule" VALUES(1496,379,'Day3','P3',11);
INSERT INTO "ClassSchedule" VALUES(1497,380,'Day3','P3',12);
INSERT INTO "ClassSchedule" VALUES(1498,381,'Day3','P3',13);
INSERT INTO "ClassSchedule" VALUES(1499,382,'Day3','P3',14);
INSERT INTO "ClassSchedule" VALUES(1500,512,'Day3','P3',17);
INSERT INTO "ClassSchedule" VALUES(1501,384,'Day3','P3',18);
INSERT INTO "ClassSchedule" VALUES(1502,391,'Day3','P3',21);
INSERT INTO "ClassSchedule" VALUES(1503,386,'Day3','P3',22);
INSERT INTO "ClassSchedule" VALUES(1504,387,'Day3','P3',23);
INSERT INTO "ClassSchedule" VALUES(1505,388,'Day3','P3',24);
INSERT INTO "ClassSchedule" VALUES(1506,513,'Day3','P3',26);
INSERT INTO "ClassSchedule" VALUES(1507,486,'Day3','P3',28);
INSERT INTO "ClassSchedule" VALUES(1508,393,'Day3','P3',30);
INSERT INTO "ClassSchedule" VALUES(1509,372,'Day3','P3',27);
INSERT INTO "ClassSchedule" VALUES(1510,514,'Day3','Lynx',2);
INSERT INTO "ClassSchedule" VALUES(1511,515,'Day3','Lynx',4);
INSERT INTO "ClassSchedule" VALUES(1512,516,'Day3','Lynx',5);
INSERT INTO "ClassSchedule" VALUES(1513,517,'Day3','Lynx',7);
INSERT INTO "ClassSchedule" VALUES(1514,518,'Day3','Lynx',10);
INSERT INTO "ClassSchedule" VALUES(1515,519,'Day3','Lynx',11);
INSERT INTO "ClassSchedule" VALUES(1516,520,'Day3','Lynx',12);
INSERT INTO "ClassSchedule" VALUES(1517,521,'Day3','Lynx',13);
INSERT INTO "ClassSchedule" VALUES(1518,522,'Day3','Lynx',14);
INSERT INTO "ClassSchedule" VALUES(1519,523,'Day3','Lynx',17);
INSERT INTO "ClassSchedule" VALUES(1520,524,'Day3','Lynx',22);
INSERT INTO "ClassSchedule" VALUES(1521,525,'Day3','Lynx',23);
INSERT INTO "ClassSchedule" VALUES(1522,526,'Day3','Lynx',24);
INSERT INTO "ClassSchedule" VALUES(1523,527,'Day3','Lynx',25);
INSERT INTO "ClassSchedule" VALUES(1524,528,'Day3','Lynx',26);
INSERT INTO "ClassSchedule" VALUES(1525,529,'Day3','Lynx',28);
INSERT INTO "ClassSchedule" VALUES(1526,530,'Day3','Lynx',29);
INSERT INTO "ClassSchedule" VALUES(1527,531,'Day3','Lynx',27);
INSERT INTO "ClassSchedule" VALUES(1528,372,'Day3','Lunch',27);
INSERT INTO "ClassSchedule" VALUES(1529,532,'Day3','P4',2);
INSERT INTO "ClassSchedule" VALUES(1530,396,'Day3','P4',4);
INSERT INTO "ClassSchedule" VALUES(1531,533,'Day3','P4',5);
INSERT INTO "ClassSchedule" VALUES(1532,534,'Day3','P4',7);
INSERT INTO "ClassSchedule" VALUES(1533,399,'Day3','P4',10);
INSERT INTO "ClassSchedule" VALUES(1534,400,'Day3','P4',11);
INSERT INTO "ClassSchedule" VALUES(1535,535,'Day3','P4',12);
INSERT INTO "ClassSchedule" VALUES(1536,402,'Day3','P4',13);
INSERT INTO "ClassSchedule" VALUES(1537,403,'Day3','P4',14);
INSERT INTO "ClassSchedule" VALUES(1538,404,'Day3','P4',17);
INSERT INTO "ClassSchedule" VALUES(1539,405,'Day3','P4',18);
INSERT INTO "ClassSchedule" VALUES(1540,406,'Day3','P4',21);
INSERT INTO "ClassSchedule" VALUES(1541,388,'Day3','P4',22);
INSERT INTO "ClassSchedule" VALUES(1542,365,'Day3','P4',23);
INSERT INTO "ClassSchedule" VALUES(1543,407,'Day3','P4',24);
INSERT INTO "ClassSchedule" VALUES(1544,409,'Day3','P4',26);
INSERT INTO "ClassSchedule" VALUES(1545,536,'Day3','P4',28);
INSERT INTO "ClassSchedule" VALUES(1546,411,'Day3','P4',29);
INSERT INTO "ClassSchedule" VALUES(1547,372,'Day3','P4',27);
INSERT INTO "ClassSchedule" VALUES(1548,374,'Day4','P1',2);
INSERT INTO "ClassSchedule" VALUES(1549,375,'Day4','P1',4);
INSERT INTO "ClassSchedule" VALUES(1550,489,'Day4','P1',5);
INSERT INTO "ClassSchedule" VALUES(1551,490,'Day4','P1',7);
INSERT INTO "ClassSchedule" VALUES(1552,491,'Day4','P1',10);
INSERT INTO "ClassSchedule" VALUES(1553,492,'Day4','P1',11);
INSERT INTO "ClassSchedule" VALUES(1554,379,'Day4','P1',12);
INSERT INTO "ClassSchedule" VALUES(1555,434,'Day4','P1',13);
INSERT INTO "ClassSchedule" VALUES(1556,494,'Day4','P1',14);
INSERT INTO "ClassSchedule" VALUES(1557,512,'Day4','P1',17);
INSERT INTO "ClassSchedule" VALUES(1558,537,'Day4','P1',18);
INSERT INTO "ClassSchedule" VALUES(1559,441,'Day4','P1',21);
INSERT INTO "ClassSchedule" VALUES(1560,386,'Day4','P1',22);
INSERT INTO "ClassSchedule" VALUES(1561,538,'Day4','P1',23);
INSERT INTO "ClassSchedule" VALUES(1562,407,'Day4','P1',24);
INSERT INTO "ClassSchedule" VALUES(1563,539,'Day4','P1',25);
INSERT INTO "ClassSchedule" VALUES(1564,497,'Day4','P1',26);
INSERT INTO "ClassSchedule" VALUES(1565,498,'Day4','P1',28);
INSERT INTO "ClassSchedule" VALUES(1566,442,'Day4','P1',29);
INSERT INTO "ClassSchedule" VALUES(1567,499,'Day4','P1',30);
INSERT INTO "ClassSchedule" VALUES(1568,372,'Day4','P1',27);
INSERT INTO "ClassSchedule" VALUES(1569,444,'Day4','P2',4);
INSERT INTO "ClassSchedule" VALUES(1570,445,'Day4','P2',5);
INSERT INTO "ClassSchedule" VALUES(1571,446,'Day4','P2',7);
INSERT INTO "ClassSchedule" VALUES(1572,447,'Day4','P2',10);
INSERT INTO "ClassSchedule" VALUES(1573,432,'Day4','P2',11);
INSERT INTO "ClassSchedule" VALUES(1574,448,'Day4','P2',12);
INSERT INTO "ClassSchedule" VALUES(1575,449,'Day4','P2',13);
INSERT INTO "ClassSchedule" VALUES(1576,540,'Day4','P2',14);
INSERT INTO "ClassSchedule" VALUES(1577,436,'Day4','P2',17);
INSERT INTO "ClassSchedule" VALUES(1578,451,'Day4','P2',18);
INSERT INTO "ClassSchedule" VALUES(1579,438,'Day4','P2',21);
INSERT INTO "ClassSchedule" VALUES(1580,439,'Day4','P2',22);
INSERT INTO "ClassSchedule" VALUES(1581,452,'Day4','P2',23);
INSERT INTO "ClassSchedule" VALUES(1582,453,'Day4','P2',24);
INSERT INTO "ClassSchedule" VALUES(1583,454,'Day4','P2',25);
INSERT INTO "ClassSchedule" VALUES(1584,455,'Day4','P2',26);
INSERT INTO "ClassSchedule" VALUES(1585,541,'Day4','P2',28);
INSERT INTO "ClassSchedule" VALUES(1586,456,'Day4','P2',30);
INSERT INTO "ClassSchedule" VALUES(1587,372,'Day4','P2',27);
INSERT INTO "ClassSchedule" VALUES(1588,395,'Day4','P3',2);
INSERT INTO "ClassSchedule" VALUES(1589,457,'Day4','P3',4);
INSERT INTO "ClassSchedule" VALUES(1590,458,'Day4','P3',5);
INSERT INTO "ClassSchedule" VALUES(1591,397,'Day4','P3',7);
INSERT INTO "ClassSchedule" VALUES(1592,459,'Day4','P3',10);
INSERT INTO "ClassSchedule" VALUES(1593,460,'Day4','P3',11);
INSERT INTO "ClassSchedule" VALUES(1594,461,'Day4','P3',12);
INSERT INTO "ClassSchedule" VALUES(1595,462,'Day4','P3',13);
INSERT INTO "ClassSchedule" VALUES(1596,463,'Day4','P3',14);
INSERT INTO "ClassSchedule" VALUES(1597,464,'Day4','P3',17);
INSERT INTO "ClassSchedule" VALUES(1598,542,'Day4','P3',18);
INSERT INTO "ClassSchedule" VALUES(1599,465,'Day4','P3',21);
INSERT INTO "ClassSchedule" VALUES(1600,466,'Day4','P3',22);
INSERT INTO "ClassSchedule" VALUES(1601,467,'Day4','P3',23);
INSERT INTO "ClassSchedule" VALUES(1602,543,'Day4','P3',24);
INSERT INTO "ClassSchedule" VALUES(1603,536,'Day4','P3',25);
INSERT INTO "ClassSchedule" VALUES(1604,469,'Day4','P3',26);
INSERT INTO "ClassSchedule" VALUES(1605,470,'Day4','P3',28);
INSERT INTO "ClassSchedule" VALUES(1606,362,'Day4','P3',29);
INSERT INTO "ClassSchedule" VALUES(1607,412,'Day4','P3',30);
INSERT INTO "ClassSchedule" VALUES(1608,372,'Day4','P3',27);
INSERT INTO "ClassSchedule" VALUES(1609,544,'Day4','Lynx',2);
INSERT INTO "ClassSchedule" VALUES(1610,545,'Day4','Lynx',4);
INSERT INTO "ClassSchedule" VALUES(1611,546,'Day4','Lynx',5);
INSERT INTO "ClassSchedule" VALUES(1612,547,'Day4','Lynx',7);
INSERT INTO "ClassSchedule" VALUES(1613,548,'Day4','Lynx',10);
INSERT INTO "ClassSchedule" VALUES(1614,74,'Day4','Lynx',11);
INSERT INTO "ClassSchedule" VALUES(1615,88,'Day4','Lynx',12);
INSERT INTO "ClassSchedule" VALUES(1616,100,'Day4','Lynx',13);
INSERT INTO "ClassSchedule" VALUES(1617,116,'Day4','Lynx',14);
INSERT INTO "ClassSchedule" VALUES(1618,549,'Day4','Lynx',22);
INSERT INTO "ClassSchedule" VALUES(1619,550,'Day4','Lynx',23);
INSERT INTO "ClassSchedule" VALUES(1620,526,'Day4','Lynx',24);
INSERT INTO "ClassSchedule" VALUES(1621,551,'Day4','Lynx',25);
INSERT INTO "ClassSchedule" VALUES(1622,552,'Day4','Lynx',26);
INSERT INTO "ClassSchedule" VALUES(1623,553,'Day4','Lynx',28);
INSERT INTO "ClassSchedule" VALUES(1624,554,'Day4','Lynx',29);
INSERT INTO "ClassSchedule" VALUES(1625,555,'Day4','Lynx',30);
INSERT INTO "ClassSchedule" VALUES(1626,372,'Day4','Lynx',27);
INSERT INTO "ClassSchedule" VALUES(1627,556,'Day4','Lunch',14);
INSERT INTO "ClassSchedule" VALUES(1628,557,'Day4','Lunch',24);
INSERT INTO "ClassSchedule" VALUES(1629,372,'Day4','Lunch',27);
INSERT INTO "ClassSchedule" VALUES(1630,374,'Day4','P4',2);
INSERT INTO "ClassSchedule" VALUES(1631,473,'Day4','P4',4);
INSERT INTO "ClassSchedule" VALUES(1632,408,'Day4','P4',5);
INSERT INTO "ClassSchedule" VALUES(1633,475,'Day4','P4',7);
INSERT INTO "ClassSchedule" VALUES(1634,476,'Day4','P4',10);
INSERT INTO "ClassSchedule" VALUES(1635,477,'Day4','P4',11);
INSERT INTO "ClassSchedule" VALUES(1636,478,'Day4','P4',12);
INSERT INTO "ClassSchedule" VALUES(1637,558,'Day4','P4',13);
INSERT INTO "ClassSchedule" VALUES(1638,479,'Day4','P4',14);
INSERT INTO "ClassSchedule" VALUES(1639,480,'Day4','P4',17);
INSERT INTO "ClassSchedule" VALUES(1640,481,'Day4','P4',18);
INSERT INTO "ClassSchedule" VALUES(1641,482,'Day4','P4',21);
INSERT INTO "ClassSchedule" VALUES(1642,441,'Day4','P4',23);
INSERT INTO "ClassSchedule" VALUES(1643,484,'Day4','P4',24);
INSERT INTO "ClassSchedule" VALUES(1644,454,'Day4','P4',25);
INSERT INTO "ClassSchedule" VALUES(1645,485,'Day4','P4',26);
INSERT INTO "ClassSchedule" VALUES(1646,486,'Day4','P4',28);
INSERT INTO "ClassSchedule" VALUES(1647,487,'Day4','P4',29);
INSERT INTO "ClassSchedule" VALUES(1648,488,'Day4','P4',30);
INSERT INTO "ClassSchedule" VALUES(1649,372,'Day4','P4',27);
INSERT INTO "ClassSchedule" VALUES(1650,532,'Day5','P1',2);
INSERT INTO "ClassSchedule" VALUES(1651,396,'Day5','P1',4);
INSERT INTO "ClassSchedule" VALUES(1652,533,'Day5','P1',5);
INSERT INTO "ClassSchedule" VALUES(1653,534,'Day5','P1',7);
INSERT INTO "ClassSchedule" VALUES(1654,399,'Day5','P1',10);
INSERT INTO "ClassSchedule" VALUES(1655,400,'Day5','P1',11);
INSERT INTO "ClassSchedule" VALUES(1656,401,'Day5','P1',12);
INSERT INTO "ClassSchedule" VALUES(1657,402,'Day5','P1',13);
INSERT INTO "ClassSchedule" VALUES(1658,403,'Day5','P1',14);
INSERT INTO "ClassSchedule" VALUES(1659,404,'Day5','P1',17);
INSERT INTO "ClassSchedule" VALUES(1660,362,'Day5','P1',18);
INSERT INTO "ClassSchedule" VALUES(1661,406,'Day5','P1',21);
INSERT INTO "ClassSchedule" VALUES(1662,388,'Day5','P1',22);
INSERT INTO "ClassSchedule" VALUES(1663,365,'Day5','P1',23);
INSERT INTO "ClassSchedule" VALUES(1664,543,'Day5','P1',24);
INSERT INTO "ClassSchedule" VALUES(1665,409,'Day5','P1',26);
INSERT INTO "ClassSchedule" VALUES(1666,410,'Day5','P1',28);
INSERT INTO "ClassSchedule" VALUES(1667,559,'Day5','P1',29);
INSERT INTO "ClassSchedule" VALUES(1668,372,'Day5','P1',27);
INSERT INTO "ClassSchedule" VALUES(1669,374,'Day5','P2',2);
INSERT INTO "ClassSchedule" VALUES(1670,429,'Day5','P2',4);
INSERT INTO "ClassSchedule" VALUES(1671,430,'Day5','P2',5);
INSERT INTO "ClassSchedule" VALUES(1672,431,'Day5','P2',7);
INSERT INTO "ClassSchedule" VALUES(1673,500,'Day5','P2',10);
INSERT INTO "ClassSchedule" VALUES(1674,434,'Day5','P2',11);
INSERT INTO "ClassSchedule" VALUES(1675,433,'Day5','P2',12);
INSERT INTO "ClassSchedule" VALUES(1676,560,'Day5','P2',13);
INSERT INTO "ClassSchedule" VALUES(1677,473,'Day5','P2',14);
INSERT INTO "ClassSchedule" VALUES(1678,480,'Day5','P2',17);
INSERT INTO "ClassSchedule" VALUES(1679,481,'Day5','P2',18);
INSERT INTO "ClassSchedule" VALUES(1680,362,'Day5','P2',21);
INSERT INTO "ClassSchedule" VALUES(1681,561,'Day5','P2',23);
INSERT INTO "ClassSchedule" VALUES(1682,407,'Day5','P2',24);
INSERT INTO "ClassSchedule" VALUES(1683,562,'Day5','P2',25);
INSERT INTO "ClassSchedule" VALUES(1684,498,'Day5','P2',28);
INSERT INTO "ClassSchedule" VALUES(1685,442,'Day5','P2',29);
INSERT INTO "ClassSchedule" VALUES(1686,443,'Day5','P2',30);
INSERT INTO "ClassSchedule" VALUES(1687,372,'Day5','P2',27);
INSERT INTO "ClassSchedule" VALUES(1688,352,'Day5','P3',2);
INSERT INTO "ClassSchedule" VALUES(1689,408,'Day5','P3',4);
INSERT INTO "ClassSchedule" VALUES(1690,506,'Day5','P3',5);
INSERT INTO "ClassSchedule" VALUES(1691,355,'Day5','P3',7);
INSERT INTO "ClassSchedule" VALUES(1692,356,'Day5','P3',10);
INSERT INTO "ClassSchedule" VALUES(1693,357,'Day5','P3',11);
INSERT INTO "ClassSchedule" VALUES(1694,358,'Day5','P3',12);
INSERT INTO "ClassSchedule" VALUES(1695,359,'Day5','P3',13);
INSERT INTO "ClassSchedule" VALUES(1696,360,'Day5','P3',14);
INSERT INTO "ClassSchedule" VALUES(1697,361,'Day5','P3',17);
INSERT INTO "ClassSchedule" VALUES(1698,509,'Day5','P3',18);
INSERT INTO "ClassSchedule" VALUES(1699,510,'Day5','P3',21);
INSERT INTO "ClassSchedule" VALUES(1700,364,'Day5','P3',22);
INSERT INTO "ClassSchedule" VALUES(1701,365,'Day5','P3',23);
INSERT INTO "ClassSchedule" VALUES(1702,511,'Day5','P3',24);
INSERT INTO "ClassSchedule" VALUES(1703,367,'Day5','P3',25);
INSERT INTO "ClassSchedule" VALUES(1704,368,'Day5','P3',26);
INSERT INTO "ClassSchedule" VALUES(1705,369,'Day5','P3',28);
INSERT INTO "ClassSchedule" VALUES(1706,563,'Day5','P3',29);
INSERT INTO "ClassSchedule" VALUES(1707,371,'Day5','P3',30);
INSERT INTO "ClassSchedule" VALUES(1708,372,'Day5','P3',27);
INSERT INTO "ClassSchedule" VALUES(1709,4,'Day5','Lynx',2);
INSERT INTO "ClassSchedule" VALUES(1710,13,'Day5','Lynx',4);
INSERT INTO "ClassSchedule" VALUES(1711,26,'Day5','Lynx',5);
INSERT INTO "ClassSchedule" VALUES(1712,40,'Day5','Lynx',7);
INSERT INTO "ClassSchedule" VALUES(1713,564,'Day5','Lynx',10);
INSERT INTO "ClassSchedule" VALUES(1714,74,'Day5','Lynx',11);
INSERT INTO "ClassSchedule" VALUES(1715,88,'Day5','Lynx',12);
INSERT INTO "ClassSchedule" VALUES(1716,100,'Day5','Lynx',13);
INSERT INTO "ClassSchedule" VALUES(1717,116,'Day5','Lynx',14);
INSERT INTO "ClassSchedule" VALUES(1718,565,'Day5','Lynx',17);
INSERT INTO "ClassSchedule" VALUES(1719,566,'Day5','Lynx',18);
INSERT INTO "ClassSchedule" VALUES(1720,567,'Day5','Lynx',21);
INSERT INTO "ClassSchedule" VALUES(1721,568,'Day5','Lynx',22);
INSERT INTO "ClassSchedule" VALUES(1722,569,'Day5','Lynx',24);
INSERT INTO "ClassSchedule" VALUES(1723,570,'Day5','Lynx',25);
INSERT INTO "ClassSchedule" VALUES(1724,571,'Day5','Lynx',28);
INSERT INTO "ClassSchedule" VALUES(1725,572,'Day5','Lynx',30);
INSERT INTO "ClassSchedule" VALUES(1726,372,'Day5','Lynx',27);
INSERT INTO "ClassSchedule" VALUES(1727,573,'Day5','Lunch',11);
INSERT INTO "ClassSchedule" VALUES(1728,372,'Day5','Lunch',27);
INSERT INTO "ClassSchedule" VALUES(1729,374,'Day5','P4',2);
INSERT INTO "ClassSchedule" VALUES(1730,375,'Day5','P4',4);
INSERT INTO "ClassSchedule" VALUES(1731,376,'Day5','P4',5);
INSERT INTO "ClassSchedule" VALUES(1732,377,'Day5','P4',7);
INSERT INTO "ClassSchedule" VALUES(1733,378,'Day5','P4',10);
INSERT INTO "ClassSchedule" VALUES(1734,379,'Day5','P4',11);
INSERT INTO "ClassSchedule" VALUES(1735,574,'Day5','P4',12);
INSERT INTO "ClassSchedule" VALUES(1736,381,'Day5','P4',13);
INSERT INTO "ClassSchedule" VALUES(1737,382,'Day5','P4',14);
INSERT INTO "ClassSchedule" VALUES(1738,512,'Day5','P4',17);
INSERT INTO "ClassSchedule" VALUES(1739,408,'Day5','P4',18);
INSERT INTO "ClassSchedule" VALUES(1740,385,'Day5','P4',21);
INSERT INTO "ClassSchedule" VALUES(1741,386,'Day5','P4',22);
INSERT INTO "ClassSchedule" VALUES(1742,387,'Day5','P4',23);
INSERT INTO "ClassSchedule" VALUES(1743,388,'Day5','P4',24);
INSERT INTO "ClassSchedule" VALUES(1744,390,'Day5','P4',26);
INSERT INTO "ClassSchedule" VALUES(1745,391,'Day5','P4',28);
INSERT INTO "ClassSchedule" VALUES(1746,393,'Day5','P4',30);
INSERT INTO "ClassSchedule" VALUES(1747,372,'Day5','P4',27);
INSERT INTO "ClassSchedule" VALUES(1748,374,'Day6','P1',2);
INSERT INTO "ClassSchedule" VALUES(1749,473,'Day6','P1',4);
INSERT INTO "ClassSchedule" VALUES(1750,474,'Day6','P1',5);
INSERT INTO "ClassSchedule" VALUES(1751,475,'Day6','P1',7);
INSERT INTO "ClassSchedule" VALUES(1752,476,'Day6','P1',10);
INSERT INTO "ClassSchedule" VALUES(1753,477,'Day6','P1',11);
INSERT INTO "ClassSchedule" VALUES(1754,478,'Day6','P1',12);
INSERT INTO "ClassSchedule" VALUES(1755,558,'Day6','P1',13);
INSERT INTO "ClassSchedule" VALUES(1756,479,'Day6','P1',14);
INSERT INTO "ClassSchedule" VALUES(1757,480,'Day6','P1',17);
INSERT INTO "ClassSchedule" VALUES(1758,481,'Day6','P1',18);
INSERT INTO "ClassSchedule" VALUES(1759,482,'Day6','P1',21);
INSERT INTO "ClassSchedule" VALUES(1760,562,'Day6','P1',23);
INSERT INTO "ClassSchedule" VALUES(1761,561,'Day6','P1',24);
INSERT INTO "ClassSchedule" VALUES(1762,454,'Day6','P1',25);
INSERT INTO "ClassSchedule" VALUES(1763,485,'Day6','P1',26);
INSERT INTO "ClassSchedule" VALUES(1764,486,'Day6','P1',28);
INSERT INTO "ClassSchedule" VALUES(1765,575,'Day6','P1',29);
INSERT INTO "ClassSchedule" VALUES(1766,488,'Day6','P1',30);
INSERT INTO "ClassSchedule" VALUES(1767,372,'Day6','P1',27);
INSERT INTO "ClassSchedule" VALUES(1768,489,'Day6','P2',5);
INSERT INTO "ClassSchedule" VALUES(1769,490,'Day6','P2',7);
INSERT INTO "ClassSchedule" VALUES(1770,491,'Day6','P2',10);
INSERT INTO "ClassSchedule" VALUES(1771,492,'Day6','P2',11);
INSERT INTO "ClassSchedule" VALUES(1772,576,'Day6','P2',12);
INSERT INTO "ClassSchedule" VALUES(1773,577,'Day6','P2',14);
INSERT INTO "ClassSchedule" VALUES(1774,404,'Day6','P2',17);
INSERT INTO "ClassSchedule" VALUES(1775,408,'Day6','P2',18);
INSERT INTO "ClassSchedule" VALUES(1776,406,'Day6','P2',21);
INSERT INTO "ClassSchedule" VALUES(1777,578,'Day6','P2',22);
INSERT INTO "ClassSchedule" VALUES(1778,407,'Day6','P2',24);
INSERT INTO "ClassSchedule" VALUES(1779,497,'Day6','P2',25);
INSERT INTO "ClassSchedule" VALUES(1780,409,'Day6','P2',26);
INSERT INTO "ClassSchedule" VALUES(1781,498,'Day6','P2',28);
INSERT INTO "ClassSchedule" VALUES(1782,579,'Day6','P2',29);
INSERT INTO "ClassSchedule" VALUES(1783,499,'Day6','P2',30);
INSERT INTO "ClassSchedule" VALUES(1784,372,'Day6','P2',27);
INSERT INTO "ClassSchedule" VALUES(1785,395,'Day6','P3',2);
INSERT INTO "ClassSchedule" VALUES(1786,580,'Day6','P3',4);
INSERT INTO "ClassSchedule" VALUES(1787,506,'Day6','P3',5);
INSERT INTO "ClassSchedule" VALUES(1788,355,'Day6','P3',7);
INSERT INTO "ClassSchedule" VALUES(1789,356,'Day6','P3',10);
INSERT INTO "ClassSchedule" VALUES(1790,432,'Day6','P3',11);
INSERT INTO "ClassSchedule" VALUES(1791,449,'Day6','P3',13);
INSERT INTO "ClassSchedule" VALUES(1792,581,'Day6','P3',14);
INSERT INTO "ClassSchedule" VALUES(1793,436,'Day6','P3',17);
INSERT INTO "ClassSchedule" VALUES(1794,451,'Day6','P3',18);
INSERT INTO "ClassSchedule" VALUES(1795,438,'Day6','P3',21);
INSERT INTO "ClassSchedule" VALUES(1796,439,'Day6','P3',22);
INSERT INTO "ClassSchedule" VALUES(1797,452,'Day6','P3',23);
INSERT INTO "ClassSchedule" VALUES(1798,453,'Day6','P3',24);
INSERT INTO "ClassSchedule" VALUES(1799,454,'Day6','P3',25);
INSERT INTO "ClassSchedule" VALUES(1800,455,'Day6','P3',26);
INSERT INTO "ClassSchedule" VALUES(1801,369,'Day6','P3',28);
INSERT INTO "ClassSchedule" VALUES(1802,368,'Day6','P3',29);
INSERT INTO "ClassSchedule" VALUES(1803,371,'Day6','P3',30);
INSERT INTO "ClassSchedule" VALUES(1804,372,'Day6','P3',27);
INSERT INTO "ClassSchedule" VALUES(1805,514,'Day6','Lynx',2);
INSERT INTO "ClassSchedule" VALUES(1806,515,'Day6','Lynx',4);
INSERT INTO "ClassSchedule" VALUES(1807,516,'Day6','Lynx',5);
INSERT INTO "ClassSchedule" VALUES(1808,517,'Day6','Lynx',7);
INSERT INTO "ClassSchedule" VALUES(1809,518,'Day6','Lynx',10);
INSERT INTO "ClassSchedule" VALUES(1810,519,'Day6','Lynx',11);
INSERT INTO "ClassSchedule" VALUES(1811,520,'Day6','Lynx',12);
INSERT INTO "ClassSchedule" VALUES(1812,521,'Day6','Lynx',13);
INSERT INTO "ClassSchedule" VALUES(1813,582,'Day6','Lynx',14);
INSERT INTO "ClassSchedule" VALUES(1814,583,'Day6','Lynx',17);
INSERT INTO "ClassSchedule" VALUES(1815,584,'Day6','Lynx',22);
INSERT INTO "ClassSchedule" VALUES(1816,525,'Day6','Lynx',23);
INSERT INTO "ClassSchedule" VALUES(1817,585,'Day6','Lynx',24);
INSERT INTO "ClassSchedule" VALUES(1818,527,'Day6','Lynx',25);
INSERT INTO "ClassSchedule" VALUES(1819,586,'Day6','Lynx',26);
INSERT INTO "ClassSchedule" VALUES(1820,587,'Day6','Lynx',28);
INSERT INTO "ClassSchedule" VALUES(1821,530,'Day6','Lynx',29);
INSERT INTO "ClassSchedule" VALUES(1822,531,'Day6','Lynx',27);
INSERT INTO "ClassSchedule" VALUES(1823,372,'Day6','Lunch',27);
INSERT INTO "ClassSchedule" VALUES(1824,395,'Day6','P4',2);
INSERT INTO "ClassSchedule" VALUES(1825,457,'Day6','P4',4);
INSERT INTO "ClassSchedule" VALUES(1826,458,'Day6','P4',5);
INSERT INTO "ClassSchedule" VALUES(1827,397,'Day6','P4',7);
INSERT INTO "ClassSchedule" VALUES(1828,588,'Day6','P4',10);
INSERT INTO "ClassSchedule" VALUES(1829,460,'Day6','P4',11);
INSERT INTO "ClassSchedule" VALUES(1830,461,'Day6','P4',12);
INSERT INTO "ClassSchedule" VALUES(1831,462,'Day6','P4',13);
INSERT INTO "ClassSchedule" VALUES(1832,463,'Day6','P4',14);
INSERT INTO "ClassSchedule" VALUES(1833,464,'Day6','P4',17);
INSERT INTO "ClassSchedule" VALUES(1834,542,'Day6','P4',18);
INSERT INTO "ClassSchedule" VALUES(1835,465,'Day6','P4',21);
INSERT INTO "ClassSchedule" VALUES(1836,466,'Day6','P4',22);
INSERT INTO "ClassSchedule" VALUES(1837,467,'Day6','P4',23);
INSERT INTO "ClassSchedule" VALUES(1838,589,'Day6','P4',25);
INSERT INTO "ClassSchedule" VALUES(1839,469,'Day6','P4',26);
INSERT INTO "ClassSchedule" VALUES(1840,470,'Day6','P4',28);
INSERT INTO "ClassSchedule" VALUES(1841,412,'Day6','P4',30);
INSERT INTO "ClassSchedule" VALUES(1842,372,'Day6','P4',27);
INSERT INTO "ClassSchedule" VALUES(1843,6,'Day1','HR',2);
INSERT INTO "ClassSchedule" VALUES(1844,18,'Day1','HR',4);
INSERT INTO "ClassSchedule" VALUES(1845,31,'Day1','HR',5);
INSERT INTO "ClassSchedule" VALUES(1846,44,'Day1','HR',7);
INSERT INTO "ClassSchedule" VALUES(1847,57,'Day1','HR',10);
INSERT INTO "ClassSchedule" VALUES(1848,71,'Day1','HR',11);
INSERT INTO "ClassSchedule" VALUES(1849,85,'Day1','HR',12);
INSERT INTO "ClassSchedule" VALUES(1850,96,'Day1','HR',13);
INSERT INTO "ClassSchedule" VALUES(1851,111,'Day1','HR',14);
INSERT INTO "ClassSchedule" VALUES(1852,349,'Day1','HR',17);
INSERT INTO "ClassSchedule" VALUES(1853,138,'Day1','HR',18);
INSERT INTO "ClassSchedule" VALUES(1854,162,'Day1','HR',22);
INSERT INTO "ClassSchedule" VALUES(1855,173,'Day1','HR',23);
INSERT INTO "ClassSchedule" VALUES(1856,184,'Day1','HR',24);
INSERT INTO "ClassSchedule" VALUES(1857,209,'Day1','HR',26);
INSERT INTO "ClassSchedule" VALUES(1858,350,'Day1','HR',28);
INSERT INTO "ClassSchedule" VALUES(1859,234,'Day1','HR',29);
INSERT INTO "ClassSchedule" VALUES(1860,247,'Day1','HR',30);
INSERT INTO "ClassSchedule" VALUES(1861,6,'Day2','HR',2);
INSERT INTO "ClassSchedule" VALUES(1862,18,'Day2','HR',4);
INSERT INTO "ClassSchedule" VALUES(1863,31,'Day2','HR',5);
INSERT INTO "ClassSchedule" VALUES(1864,44,'Day2','HR',7);
INSERT INTO "ClassSchedule" VALUES(1865,57,'Day2','HR',10);
INSERT INTO "ClassSchedule" VALUES(1866,71,'Day2','HR',11);
INSERT INTO "ClassSchedule" VALUES(1867,85,'Day2','HR',12);
INSERT INTO "ClassSchedule" VALUES(1868,96,'Day2','HR',13);
INSERT INTO "ClassSchedule" VALUES(1869,111,'Day2','HR',14);
INSERT INTO "ClassSchedule" VALUES(1870,349,'Day2','HR',17);
INSERT INTO "ClassSchedule" VALUES(1871,138,'Day2','HR',18);
INSERT INTO "ClassSchedule" VALUES(1872,162,'Day2','HR',22);
INSERT INTO "ClassSchedule" VALUES(1873,173,'Day2','HR',23);
INSERT INTO "ClassSchedule" VALUES(1874,184,'Day2','HR',24);
INSERT INTO "ClassSchedule" VALUES(1875,209,'Day2','HR',26);
INSERT INTO "ClassSchedule" VALUES(1876,350,'Day2','HR',28);
INSERT INTO "ClassSchedule" VALUES(1877,234,'Day2','HR',29);
INSERT INTO "ClassSchedule" VALUES(1878,247,'Day2','HR',30);
INSERT INTO "ClassSchedule" VALUES(1879,6,'Day3','HR',2);
INSERT INTO "ClassSchedule" VALUES(1880,18,'Day3','HR',4);
INSERT INTO "ClassSchedule" VALUES(1881,31,'Day3','HR',5);
INSERT INTO "ClassSchedule" VALUES(1882,44,'Day3','HR',7);
INSERT INTO "ClassSchedule" VALUES(1883,57,'Day3','HR',10);
INSERT INTO "ClassSchedule" VALUES(1884,71,'Day3','HR',11);
INSERT INTO "ClassSchedule" VALUES(1885,85,'Day3','HR',12);
INSERT INTO "ClassSchedule" VALUES(1886,96,'Day3','HR',13);
INSERT INTO "ClassSchedule" VALUES(1887,111,'Day3','HR',14);
INSERT INTO "ClassSchedule" VALUES(1888,349,'Day3','HR',17);
INSERT INTO "ClassSchedule" VALUES(1889,138,'Day3','HR',18);
INSERT INTO "ClassSchedule" VALUES(1890,162,'Day3','HR',22);
INSERT INTO "ClassSchedule" VALUES(1891,173,'Day3','HR',23);
INSERT INTO "ClassSchedule" VALUES(1892,184,'Day3','HR',24);
INSERT INTO "ClassSchedule" VALUES(1893,209,'Day3','HR',26);
INSERT INTO "ClassSchedule" VALUES(1894,350,'Day3','HR',28);
INSERT INTO "ClassSchedule" VALUES(1895,234,'Day3','HR',29);
INSERT INTO "ClassSchedule" VALUES(1896,247,'Day3','HR',30);
INSERT INTO "ClassSchedule" VALUES(1897,6,'Day4','HR',2);
INSERT INTO "ClassSchedule" VALUES(1898,18,'Day4','HR',4);
INSERT INTO "ClassSchedule" VALUES(1899,31,'Day4','HR',5);
INSERT INTO "ClassSchedule" VALUES(1900,44,'Day4','HR',7);
INSERT INTO "ClassSchedule" VALUES(1901,57,'Day4','HR',10);
INSERT INTO "ClassSchedule" VALUES(1902,71,'Day4','HR',11);
INSERT INTO "ClassSchedule" VALUES(1903,85,'Day4','HR',12);
INSERT INTO "ClassSchedule" VALUES(1904,96,'Day4','HR',13);
INSERT INTO "ClassSchedule" VALUES(1905,111,'Day4','HR',14);
INSERT INTO "ClassSchedule" VALUES(1906,349,'Day4','HR',17);
INSERT INTO "ClassSchedule" VALUES(1907,138,'Day4','HR',18);
INSERT INTO "ClassSchedule" VALUES(1908,162,'Day4','HR',22);
INSERT INTO "ClassSchedule" VALUES(1909,173,'Day4','HR',23);
INSERT INTO "ClassSchedule" VALUES(1910,184,'Day4','HR',24);
INSERT INTO "ClassSchedule" VALUES(1911,209,'Day4','HR',26);
INSERT INTO "ClassSchedule" VALUES(1912,350,'Day4','HR',28);
INSERT INTO "ClassSchedule" VALUES(1913,234,'Day4','HR',29);
INSERT INTO "ClassSchedule" VALUES(1914,247,'Day4','HR',30);
INSERT INTO "ClassSchedule" VALUES(1915,6,'Day5','HR',2);
INSERT INTO "ClassSchedule" VALUES(1916,18,'Day5','HR',4);
INSERT INTO "ClassSchedule" VALUES(1917,31,'Day5','HR',5);
INSERT INTO "ClassSchedule" VALUES(1918,44,'Day5','HR',7);
INSERT INTO "ClassSchedule" VALUES(1919,57,'Day5','HR',10);
INSERT INTO "ClassSchedule" VALUES(1920,71,'Day5','HR',11);
INSERT INTO "ClassSchedule" VALUES(1921,85,'Day5','HR',12);
INSERT INTO "ClassSchedule" VALUES(1922,96,'Day5','HR',13);
INSERT INTO "ClassSchedule" VALUES(1923,111,'Day5','HR',14);
INSERT INTO "ClassSchedule" VALUES(1924,349,'Day5','HR',17);
INSERT INTO "ClassSchedule" VALUES(1925,138,'Day5','HR',18);
INSERT INTO "ClassSchedule" VALUES(1926,162,'Day5','HR',22);
INSERT INTO "ClassSchedule" VALUES(1927,173,'Day5','HR',23);
INSERT INTO "ClassSchedule" VALUES(1928,184,'Day5','HR',24);
INSERT INTO "ClassSchedule" VALUES(1929,209,'Day5','HR',26);
INSERT INTO "ClassSchedule" VALUES(1930,350,'Day5','HR',28);
INSERT INTO "ClassSchedule" VALUES(1931,234,'Day5','HR',29);
INSERT INTO "ClassSchedule" VALUES(1932,247,'Day5','HR',30);
INSERT INTO "ClassSchedule" VALUES(1933,6,'Day6','HR',2);
INSERT INTO "ClassSchedule" VALUES(1934,18,'Day6','HR',4);
INSERT INTO "ClassSchedule" VALUES(1935,31,'Day6','HR',5);
INSERT INTO "ClassSchedule" VALUES(1936,44,'Day6','HR',7);
INSERT INTO "ClassSchedule" VALUES(1937,57,'Day6','HR',10);
INSERT INTO "ClassSchedule" VALUES(1938,71,'Day6','HR',11);
INSERT INTO "ClassSchedule" VALUES(1939,85,'Day6','HR',12);
INSERT INTO "ClassSchedule" VALUES(1940,96,'Day6','HR',13);
INSERT INTO "ClassSchedule" VALUES(1941,111,'Day6','HR',14);
INSERT INTO "ClassSchedule" VALUES(1942,349,'Day6','HR',17);
INSERT INTO "ClassSchedule" VALUES(1943,138,'Day6','HR',18);
INSERT INTO "ClassSchedule" VALUES(1944,162,'Day6','HR',22);
INSERT INTO "ClassSchedule" VALUES(1945,173,'Day6','HR',23);
INSERT INTO "ClassSchedule" VALUES(1946,184,'Day6','HR',24);
INSERT INTO "ClassSchedule" VALUES(1947,209,'Day6','HR',26);
INSERT INTO "ClassSchedule" VALUES(1948,350,'Day6','HR',28);
INSERT INTO "ClassSchedule" VALUES(1949,234,'Day6','HR',29);
INSERT INTO "ClassSchedule" VALUES(1950,247,'Day6','HR',30);
CREATE TABLE "Classes" (
            ClassID            INTEGER PRIMARY KEY AUTOINCREMENT,
            ClassLevel         TEXT,
            ClassNumberOfMeets INTEGER,
            Subject            TEXT,
            Teacher            TEXT
        );
INSERT INTO "Classes" VALUES(1,'9',0,'IM2 9.1','Coyle');
INSERT INTO "Classes" VALUES(2,'11',0,'IB Analysis HL 11.2','Coyle');
INSERT INTO "Classes" VALUES(3,'9',0,'IM2 9.2','Coyle');
INSERT INTO "Classes" VALUES(4,'9',2,'Guided Study 9A','Teacher');
INSERT INTO "Classes" VALUES(5,'12',0,'IB Analysis HL 12.2','Coyle');
INSERT INTO "Classes" VALUES(6,'9',7,'Homeroom 9A','Iverson/Cheallaigh-Mhuiri');
INSERT INTO "Classes" VALUES(7,'0',0,'Yearbook','Valentina');
INSERT INTO "Classes" VALUES(8,'9',0,'Elective Film 9.1','Ventrice');
INSERT INTO "Classes" VALUES(9,'9',0,'Wellness 9A','Teacher');
INSERT INTO "Classes" VALUES(10,'12',0,'TOK 12.6','Gibbs');
INSERT INTO "Classes" VALUES(11,'11',0,'BMan. HL 11.2','Compton');
INSERT INTO "Classes" VALUES(12,'12',0,'Economics SL 12.1','Compton');
INSERT INTO "Classes" VALUES(13,'9',2,'Guided Study 9B','Teacher');
INSERT INTO "Classes" VALUES(14,'10',0,'WS 10.1','Brown');
INSERT INTO "Classes" VALUES(15,'0',0,'Elective Minfullness 9/10.1 S1 / Elective Service Learning 9/19 S2','Freer');
INSERT INTO "Classes" VALUES(16,'10',0,'WS 10.4','Brown');
INSERT INTO "Classes" VALUES(17,'12',0,'Econmics HL 12.2','Compton');
INSERT INTO "Classes" VALUES(18,'9',7,'Homeroom 9B','Kitch/Horowitz');
INSERT INTO "Classes" VALUES(19,'0',0,'Photography','Brown');
INSERT INTO "Classes" VALUES(20,'9',0,'Wellness 9B','Teacher');
INSERT INTO "Classes" VALUES(21,'12',0,'Senior Sem','Davis/Kamibeppu');
INSERT INTO "Classes" VALUES(22,'11',0,'Spanish A SL 11.2','Codina');
INSERT INTO "Classes" VALUES(23,'0',0,'SLC Beginner 10.1 / 9.1','Miguez');
INSERT INTO "Classes" VALUES(24,'9',0,'WS 9.2','Pickett');
INSERT INTO "Classes" VALUES(25,'9',0,'Math IM1 9.2','Kurata');
INSERT INTO "Classes" VALUES(26,'9',2,'Guided Study 9C','Teacher');
INSERT INTO "Classes" VALUES(27,'10',0,'WS 10.2','Pickett');
INSERT INTO "Classes" VALUES(28,'9',0,'Elective MUN 9.1','Villanueva');
INSERT INTO "Classes" VALUES(29,'11',0,'BMan. SL 11.1','Compton');
INSERT INTO "Classes" VALUES(30,'12',0,'TOK 12.3','Pickett');
INSERT INTO "Classes" VALUES(31,'9',7,'Homeroom 9C','Rio/Quevedo');
INSERT INTO "Classes" VALUES(32,'9',0,'WS 9.4','Pickett');
INSERT INTO "Classes" VALUES(33,'10',0,'SLC Beginner 10.1 / 9.1','Míguez');
INSERT INTO "Classes" VALUES(34,'0',0,'Fantasy Sports','Dowell');
INSERT INTO "Classes" VALUES(35,'12',0,'TOK 12.5','Pickett');
INSERT INTO "Classes" VALUES(36,'9',0,'Wellness 9C','Teacher');
INSERT INTO "Classes" VALUES(37,'9',0,'Math1 9.1','Kurata');
INSERT INTO "Classes" VALUES(38,'12',0,'TOK 12.4','Bingle');
INSERT INTO "Classes" VALUES(39,'10',0,'WL 10.1','Lassey');
INSERT INTO "Classes" VALUES(40,'9',2,'Guided Study 9D','Teacher');
INSERT INTO "Classes" VALUES(41,'9',0,'WL 9.1','Lassey');
INSERT INTO "Classes" VALUES(42,'0',0,'Elective Creative Writing','Lassey');
INSERT INTO "Classes" VALUES(43,'10',0,'Math 2 10.2','Kurata');
INSERT INTO "Classes" VALUES(44,'9',7,'Homeroom 9D','Pendell/Freer');
INSERT INTO "Classes" VALUES(45,'10',0,'WL 10.3','Lassey');
INSERT INTO "Classes" VALUES(46,'0',0,'Read and Blue','Freer');
INSERT INTO "Classes" VALUES(47,'10',0,'WL.10.1','Lassey');
INSERT INTO "Classes" VALUES(48,'9',0,'Wellness 9D','Teacher');
INSERT INTO "Classes" VALUES(49,'9',0,'Castellano 9.2','Rio');
INSERT INTO "Classes" VALUES(50,'10',0,'Catalan 10.2','Montessinos');
INSERT INTO "Classes" VALUES(51,'12',0,'Spanish SL 12.2','Rio');
INSERT INTO "Classes" VALUES(52,'10',0,'Wellness 10D','Teacher');
INSERT INTO "Classes" VALUES(53,'11',0,'Junior Sem','Davis/Kamibeppu');
INSERT INTO "Classes" VALUES(54,'10',0,'Catalan 10.1','Montessinos');
INSERT INTO "Classes" VALUES(55,'11',0,'Spanish HL 11.1','Rio');
INSERT INTO "Classes" VALUES(56,'11',0,'Psychology HL 11.1 / SL 11.1','Kurtz');
INSERT INTO "Classes" VALUES(57,'10',7,'Homeroom 10D','Teacher');
INSERT INTO "Classes" VALUES(58,'12',0,'Spanish SL 12.1','Rio');
INSERT INTO "Classes" VALUES(59,'11',0,'TOK 11.6','Gibbs');
INSERT INTO "Classes" VALUES(60,'0',0,'MUN','Villanueva');
INSERT INTO "Classes" VALUES(61,'10',0,'Catalán 10.2','Magda');
INSERT INTO "Classes" VALUES(62,'10',0,'Catalán 10.1','Magda');
INSERT INTO "Classes" VALUES(63,'11',0,'Spanish SL/HL 11.1','Rio');
INSERT INTO "Classes" VALUES(64,'12',0,'English LL SL 12.3','DeZerne');
INSERT INTO "Classes" VALUES(65,'11',0,'English LL HL 11.1','DeZerne');
INSERT INTO "Classes" VALUES(66,'12',0,'English LL SL 12.1','DeZerne');
INSERT INTO "Classes" VALUES(67,'10',0,'Wellness 10A','Teacher');
INSERT INTO "Classes" VALUES(68,'12',0,'English HL 12.1','Arguelles');
INSERT INTO "Classes" VALUES(69,'12',0,'English HL 12.2','Arguelles');
INSERT INTO "Classes" VALUES(70,'11',0,'English LL SL 11.3','DeZerne');
INSERT INTO "Classes" VALUES(71,'10',7,'Homeroom 10B','Arguelles/Bauer');
INSERT INTO "Classes" VALUES(72,'10',0,'WL 10.4','Arguelles');
INSERT INTO "Classes" VALUES(73,'0',0,'MUN','Gibbs');
INSERT INTO "Classes" VALUES(74,'10',2,'Guided Study 10C','Teacher');
INSERT INTO "Classes" VALUES(75,'11',0,'BTEC','Bragulat');
INSERT INTO "Classes" VALUES(76,'0',0,'SAT','Teacher');
INSERT INTO "Classes" VALUES(77,'11',0,'English HL 11.2','Niculescu');
INSERT INTO "Classes" VALUES(78,'12',0,'English SL 12.2','Niculescu');
INSERT INTO "Classes" VALUES(79,'12',0,'English Lit HL/SL 12.1','Niculescu');
INSERT INTO "Classes" VALUES(80,'10',0,'Wellness 10B','Teacher');
INSERT INTO "Classes" VALUES(81,'9',0,'WL 9.2','Freer');
INSERT INTO "Classes" VALUES(82,'10',0,'Debate 10.1','Niculescu');
INSERT INTO "Classes" VALUES(83,'11',0,'English LIT HL/SL 11.1','Freer');
INSERT INTO "Classes" VALUES(84,'9',0,'WL 9.4','Freer');
INSERT INTO "Classes" VALUES(85,'10',7,'Homeroom 10A','Pickett/Mazzanti');
INSERT INTO "Classes" VALUES(86,'0',0,'Oracy','Niculescu');
INSERT INTO "Classes" VALUES(87,'12',0,'English LIT HL/SL 12.1','Niculescu');
INSERT INTO "Classes" VALUES(88,'10',2,'Guided Study 10A','Teacher');
INSERT INTO "Classes" VALUES(89,'11',0,'English LIT HL 11.1','Freer');
INSERT INTO "Classes" VALUES(90,'12',0,'Spanish L&L SL 12.3','Ventrice');
INSERT INTO "Classes" VALUES(91,'12',0,'Spanish LIT HL/SL 12.1','Ventrice');
INSERT INTO "Classes" VALUES(92,'10',0,'WL 10.2','Arguelles');
INSERT INTO "Classes" VALUES(93,'0',0,'BTEC','Hughes');
INSERT INTO "Classes" VALUES(94,'11',0,'IB Film HL/SL 11.1','Ventrice');
INSERT INTO "Classes" VALUES(95,'11',0,'Spanish LIT HL/SL 11.1','Ventrice');
INSERT INTO "Classes" VALUES(96,'11',7,'Homeroom 11B','Brown/Ventrice');
INSERT INTO "Classes" VALUES(97,'11',0,'Span Lit HL AND IB Film HL11.1','Ventrice');
INSERT INTO "Classes" VALUES(98,'12',0,'English LIT HL 12.1','Niculescu');
INSERT INTO "Classes" VALUES(99,'0',0,'Relaxation','Ventrice');
INSERT INTO "Classes" VALUES(100,'10',2,'Guided Study 10D','Teacher');
INSERT INTO "Classes" VALUES(101,'11',0,'TOK 11.4','Evans');
INSERT INTO "Classes" VALUES(102,'12',0,'Spanish LIT HL 12.1','Ventrice');
INSERT INTO "Classes" VALUES(103,'12',0,'Physics SL 12.1','Whitehair');
INSERT INTO "Classes" VALUES(104,'9',0,'WS 9.1','Villanueva');
INSERT INTO "Classes" VALUES(105,'12',0,'Psychology HL 12.2 SL 12.1','English');
INSERT INTO "Classes" VALUES(106,'10',0,'Wellness 10C','Teacher');
INSERT INTO "Classes" VALUES(107,'12',0,'Psychology HL 12.1','English');
INSERT INTO "Classes" VALUES(108,'12',0,'Psychology HL 12.2','English');
INSERT INTO "Classes" VALUES(109,'10',0,'WS 10.3','English');
INSERT INTO "Classes" VALUES(110,'9',0,'WL 9.3','Lassey');
INSERT INTO "Classes" VALUES(111,'10',7,'Homeroom 10C','English/Gomez');
INSERT INTO "Classes" VALUES(112,'9',0,'WS 9.3','English');
INSERT INTO "Classes" VALUES(113,'12',0,'English Psychology SL/HL 12.2','B.');
INSERT INTO "Classes" VALUES(114,'11',0,'Guided Study 11','Teacher');
INSERT INTO "Classes" VALUES(115,'12',0,'Psychology HL 12.1','English');
INSERT INTO "Classes" VALUES(116,'10',2,'Guided Study 10B','Teacher');
INSERT INTO "Classes" VALUES(117,'0',0,'SAT','Teacher');
INSERT INTO "Classes" VALUES(118,'12',0,'Psychology HL 12.1','B.English');
INSERT INTO "Classes" VALUES(119,'12',0,'Guided Study 12','Teacher');
INSERT INTO "Classes" VALUES(120,'11',0,'Economics HL 11.2','Hautala');
INSERT INTO "Classes" VALUES(121,'11',0,'Econimics HL 11.2','Hautala');
INSERT INTO "Classes" VALUES(122,'11',0,'BManagement HL 11.1','Bragulat');
INSERT INTO "Classes" VALUES(123,'11',0,'Guided Study 11','Teacher');
INSERT INTO "Classes" VALUES(124,'12',0,'BManagement HL 12.1','Hautala');
INSERT INTO "Classes" VALUES(125,'12',0,'Economics HL 12.1','Bragulat');
INSERT INTO "Classes" VALUES(126,'12',0,'BManagement HL 12.2','Hautala');
INSERT INTO "Classes" VALUES(127,'11',1,'Homeroom 11E','Niculescu/Alcantud');
INSERT INTO "Classes" VALUES(128,'11',0,'Econimics HL 11.1','Huatala');
INSERT INTO "Classes" VALUES(129,'11',0,'Guided Study 11','Teacher');
INSERT INTO "Classes" VALUES(130,'12',0,'Guided Study 12','Teacher');
INSERT INTO "Classes" VALUES(131,'12',0,'Guided Study 12','Teacher');
INSERT INTO "Classes" VALUES(132,'12',0,'TOK 12.7','Evans');
INSERT INTO "Classes" VALUES(133,'11',0,'TOK 11.1','Bingle');
INSERT INTO "Classes" VALUES(134,'11',0,'Guided Study 11','Teacher');
INSERT INTO "Classes" VALUES(135,'11',0,'TOK 11.3','Bingle');
INSERT INTO "Classes" VALUES(136,'11',0,'History HL / SL 11.1','Bingle');
INSERT INTO "Classes" VALUES(137,'12',0,'History 12.1','Bingle');
INSERT INTO "Classes" VALUES(138,'11',7,'Homeroom 11D','Bingle/Barajas');
INSERT INTO "Classes" VALUES(139,'11',0,'Bingle History HL 11.1 // Evans TOK 12.1','Bingle/Evans');
INSERT INTO "Classes" VALUES(140,'11',0,'TOK 11.2','Evans');
INSERT INTO "Classes" VALUES(141,'12',0,'TOK 12.1','Evans');
INSERT INTO "Classes" VALUES(142,'12',0,'TOK 12.2','Bingle');
INSERT INTO "Classes" VALUES(143,'12',0,'Guided Study 12','Teacger');
INSERT INTO "Classes" VALUES(144,'12',0,'CScience SL 12.1','Carle');
INSERT INTO "Classes" VALUES(145,'10',0,'MUN 10.1/ 10.2','Gibbs');
INSERT INTO "Classes" VALUES(146,'11',0,'GP HL 11.1','Gibbs');
INSERT INTO "Classes" VALUES(147,'11',0,'Guided Study 11','Teacher');
INSERT INTO "Classes" VALUES(148,'12',0,'GP HL 12.1','Gibbs');
INSERT INTO "Classes" VALUES(149,'12',0,'CScience HL 12.1','Carle');
INSERT INTO "Classes" VALUES(150,'11',0,'CScience HL/SL 11.1','Carle');
INSERT INTO "Classes" VALUES(151,NULL,0,'Homeroom 11E','HR');
INSERT INTO "Classes" VALUES(152,'11',0,'CScience HL 11.1','Carle');
INSERT INTO "Classes" VALUES(153,'12',0,'Comp.Science SL 12.1','Carle');
INSERT INTO "Classes" VALUES(154,'11',0,'BTEC','Brown');
INSERT INTO "Classes" VALUES(155,'9',0,'Bio 9','Iverson');
INSERT INTO "Classes" VALUES(156,'12',0,'Guided Study 12','Teacher');
INSERT INTO "Classes" VALUES(157,'11',0,'Phys 11 HL 2','Bartlett');
INSERT INTO "Classes" VALUES(158,'11',0,'Phys 11 HL 1','Bartlett');
INSERT INTO "Classes" VALUES(159,'11',0,'Chem 11HL','Whitehair');
INSERT INTO "Classes" VALUES(160,'12',0,'Phys 12 HL 1','Bartlett');
INSERT INTO "Classes" VALUES(161,'12',0,'Phys 12 HL 2','Bartlett');
INSERT INTO "Classes" VALUES(162,'11',7,'Homeroom 11C','Kurtz/Bartlett');
INSERT INTO "Classes" VALUES(163,'12',0,'Guided Study 12','Teacher');
INSERT INTO "Classes" VALUES(164,'11',0,'Guided Study 11','Teacher');
INSERT INTO "Classes" VALUES(165,'0',0,'Sele','Teacher');
INSERT INTO "Classes" VALUES(166,'11',0,'Chem 11HL Xtra','Whitehair');
INSERT INTO "Classes" VALUES(167,'11',0,'Guided Study 11','Teacher');
INSERT INTO "Classes" VALUES(168,'12',0,'ESS 12SL','Meyer');
INSERT INTO "Classes" VALUES(169,'11',0,'ESS 11HL','Meyer');
INSERT INTO "Classes" VALUES(170,'12',0,'Chem 12 HL','Whitehair');
INSERT INTO "Classes" VALUES(171,'12',0,'ESS 12HL','Meyer');
INSERT INTO "Classes" VALUES(172,'9',0,'Bio 9.2','Iverson');
INSERT INTO "Classes" VALUES(173,'12',7,'Homeroom 12A','Compton/Meyer');
INSERT INTO "Classes" VALUES(174,'12',0,'ESS 12HL Xtra','Meyer');
INSERT INTO "Classes" VALUES(175,'0',0,'FemStem','Bauer');
INSERT INTO "Classes" VALUES(176,'11',0,'ESS 11HL Xtra','Meyer');
INSERT INTO "Classes" VALUES(177,'11',0,'Guided Study 11','Teacher');
INSERT INTO "Classes" VALUES(178,'12',0,'Bio 12HL','Alcantud');
INSERT INTO "Classes" VALUES(179,'12',0,'Chem 12 SL','Alcantud');
INSERT INTO "Classes" VALUES(180,'10',0,'Chem 10','Bauer');
INSERT INTO "Classes" VALUES(181,'0',0,'RefugArt','Pollini/Vernet');
INSERT INTO "Classes" VALUES(182,'12',0,'Chem 12HL Xtra','Whitehair');
INSERT INTO "Classes" VALUES(183,'11',0,'Chem 11SL','Alcantud');
INSERT INTO "Classes" VALUES(184,'23',6,'Homeroom 12B','Whitehair/Codina');
INSERT INTO "Classes" VALUES(185,'12',0,'Chem 12SL','Alcantud');
INSERT INTO "Classes" VALUES(186,'12',0,'Guided Study 12','Teacher');
INSERT INTO "Classes" VALUES(187,'0',0,'SAT','Teacher');
INSERT INTO "Classes" VALUES(188,'12',0,'Guided Study 12','Teacher');
INSERT INTO "Classes" VALUES(189,'12',0,'Guided Study 12','Teacher');
INSERT INTO "Classes" VALUES(190,'12',0,'Bio 12 SL','Iverson');
INSERT INTO "Classes" VALUES(191,'9',0,'Bio 9 Xtra','Iverson');
INSERT INTO "Classes" VALUES(192,'11',0,'ESS 11SL','Bauer');
INSERT INTO "Classes" VALUES(193,'11',0,'TOK 11.5','Evans');
INSERT INTO "Classes" VALUES(194,NULL,0,'Home','HR');
INSERT INTO "Classes" VALUES(195,'0',0,'Eco Club','Iverson');
INSERT INTO "Classes" VALUES(196,'11',0,'Chem 11 HL Xtra','Whitehair');
INSERT INTO "Classes" VALUES(197,'10',0,'Physics 10.1','Fazio');
INSERT INTO "Classes" VALUES(198,'12',0,'Guided Study 12','Teacher');
INSERT INTO "Classes" VALUES(199,'11',0,'Guided Study 11','Teacher');
INSERT INTO "Classes" VALUES(200,'12',0,'Math Apps SL 12.2','Hughes');
INSERT INTO "Classes" VALUES(201,'11',0,'TOK 11.5 (406)','Evans');
INSERT INTO "Classes" VALUES(202,'10',0,'Pre-Calculus 10.1','Horowitz');
INSERT INTO "Classes" VALUES(203,'12',0,'Math Analysis SL 12.1','Cates');
INSERT INTO "Classes" VALUES(204,'11',0,'Math Analysis HL 11.1','Cates');
INSERT INTO "Classes" VALUES(205,'12',0,'Guided Study 12','Teacher');
INSERT INTO "Classes" VALUES(206,'11',0,'Math Analysis SL 11.3','Cates');
INSERT INTO "Classes" VALUES(207,'12',0,'Math Analysis HL 12.1','Cates');
INSERT INTO "Classes" VALUES(208,'11',0,'Math Analysis SL 11.1','Dolan');
INSERT INTO "Classes" VALUES(209,'11',7,'Homeroom 11A','Hautala/Miguez');
INSERT INTO "Classes" VALUES(210,'2',0,'Math Analysis SL 2.1','Cates');
INSERT INTO "Classes" VALUES(211,'12',0,'Guided Study 12','Teacher');
INSERT INTO "Classes" VALUES(212,'12',0,'Guided Study 12','Teacher');
INSERT INTO "Classes" VALUES(213,'11',0,'Guided Study 11','Teacher');
INSERT INTO "Classes" VALUES(214,'10',0,'Math 2 10.1','Fazio');
INSERT INTO "Classes" VALUES(215,'10',0,'Physics S1 10.1 S2 10..3','Fazio');
INSERT INTO "Classes" VALUES(216,'12',0,'Guided Study 12','Teacher');
INSERT INTO "Classes" VALUES(217,'11',0,'Math Analysis SL 11.2','Dolan');
INSERT INTO "Classes" VALUES(218,'10',0,'Math 3 10.2','Fazio');
INSERT INTO "Classes" VALUES(219,'0',0,'Link Crew 11/12','Teacher');
INSERT INTO "Classes" VALUES(220,'10',0,'Physics S1 10.2 S2 10.4','Fazio');
INSERT INTO "Classes" VALUES(221,'11',0,'CP Core','Hughes');
INSERT INTO "Classes" VALUES(222,'11',0,'CP Core','Dowell');
INSERT INTO "Classes" VALUES(223,'11',0,'/ Bragulat BTEC','Brown');
INSERT INTO "Classes" VALUES(224,'11',0,'CP Core','Pickett');
INSERT INTO "Classes" VALUES(225,'11',0,'VP CP Core','Teacher');
INSERT INTO "Classes" VALUES(226,'11',0,'CP','Pickett');
INSERT INTO "Classes" VALUES(227,'11',0,'Bio 11.2 HL','Alannah');
INSERT INTO "Classes" VALUES(228,'9',0,'Bio 9.4 EES 9.4','Alannah');
INSERT INTO "Classes" VALUES(229,'11',0,'Bio 11.1 HL','Alannah');
INSERT INTO "Classes" VALUES(230,'0',0,'Student Support','Pendell');
INSERT INTO "Classes" VALUES(231,'9',0,'Bio 9.3 EES 9.3','Alannah');
INSERT INTO "Classes" VALUES(232,'11',0,'Study Period CP','Teacher');
INSERT INTO "Classes" VALUES(233,'9',0,'Bio 9.4 /EE 9.4','Alannah');
INSERT INTO "Classes" VALUES(234,'12',7,'Homeroom 12C','Bragulat/Davis');
INSERT INTO "Classes" VALUES(235,'9',0,'Bio 9.3 EES 90.3','Alannah');
INSERT INTO "Classes" VALUES(236,NULL,0,'migh be for Math Support','?');
INSERT INTO "Classes" VALUES(237,NULL,0,'11 Dolan','GS');
INSERT INTO "Classes" VALUES(238,'9',0,'Bio 9.4 / EE 9.4','Alannah');
INSERT INTO "Classes" VALUES(239,'11',0,'Bio 11 HL','Alannah');
INSERT INTO "Classes" VALUES(240,'10',0,'Math 3 10.1','Dolan');
INSERT INTO "Classes" VALUES(241,'12',0,'Math Apps SL 12.1','Hughes');
INSERT INTO "Classes" VALUES(242,'9',0,'Math 3 9.1','Horowitz');
INSERT INTO "Classes" VALUES(243,'12',0,'Guided Study 12','Teacher');
INSERT INTO "Classes" VALUES(244,'11',0,'Math Apps SL 11.2','Horowitz');
INSERT INTO "Classes" VALUES(245,'9',0,'Elect SSS 9','Pendell/Mazanni ');
INSERT INTO "Classes" VALUES(246,'11',0,'Math App. SL.11.1','Horowitz');
INSERT INTO "Classes" VALUES(247,'12',7,'Homeroom 12D','Kamibeppu/Thompson');
INSERT INTO "Classes" VALUES(248,'12',0,'Math Analysis SL 12.2','Dolan');
INSERT INTO "Classes" VALUES(249,'12',0,'Guided Study 12','Teacher');
INSERT INTO "Classes" VALUES(250,'11',0,'Guided Study 11','Teacher');
INSERT INTO "Classes" VALUES(251,NULL,0,NULL,'LS');
INSERT INTO "Classes" VALUES(252,NULL,0,'Homeroom 12C','HR');
INSERT INTO "Classes" VALUES(253,NULL,0,'Strategics (Pendell)','Reading');
INSERT INTO "Classes" VALUES(254,NULL,0,'Rio Castellano 9.2','del');
INSERT INTO "Classes" VALUES(255,NULL,0,'EL&L SL 12.3','DeZerne');
INSERT INTO "Classes" VALUES(256,NULL,0,'Phys12 SL','Whitehair');
INSERT INTO "Classes" VALUES(257,NULL,0,'/ Kamibeppu Junior Sem','Davis');
INSERT INTO "Classes" VALUES(258,NULL,0,'EL&L HL 11.1','DeZerne');
INSERT INTO "Classes" VALUES(259,NULL,0,'Econimics HL 11.1','Hautala');
INSERT INTO "Classes" VALUES(260,NULL,0,'Math 1.9.2','Kurata');
INSERT INTO "Classes" VALUES(261,NULL,0,'Rio Spanish SL 12.2','del');
INSERT INTO "Classes" VALUES(262,NULL,0,'EL&L SL 12.1','DeZerne');
INSERT INTO "Classes" VALUES(263,NULL,0,'English Psychology HL 12.2 SL 12.1','B.');
INSERT INTO "Classes" VALUES(264,NULL,0,'/ Kamibeppu Senior Sem','Davis');
INSERT INTO "Classes" VALUES(265,NULL,0,'Study 9A','Teacher');
INSERT INTO "Classes" VALUES(266,NULL,0,'Study 9B','Teacher');
INSERT INTO "Classes" VALUES(267,NULL,0,'Study 9C','Teacher');
INSERT INTO "Classes" VALUES(268,NULL,0,'Study 9D','Teacher');
INSERT INTO "Classes" VALUES(269,NULL,0,'10D','Wellness');
INSERT INTO "Classes" VALUES(270,NULL,0,'10A','Wellness');
INSERT INTO "Classes" VALUES(271,NULL,0,'10B','Wellness');
INSERT INTO "Classes" VALUES(272,NULL,0,'10C','Wellness');
INSERT INTO "Classes" VALUES(273,NULL,0,'Study 11 Codina','Teacher');
INSERT INTO "Classes" VALUES(274,NULL,0,'Study 11A1','Teacher');
INSERT INTO "Classes" VALUES(275,NULL,0,'Study 11E1','Teacher');
INSERT INTO "Classes" VALUES(276,NULL,0,'- Pollini / Vernet','RefugArt');
INSERT INTO "Classes" VALUES(277,NULL,0,'Study 12B','Teacher');
INSERT INTO "Classes" VALUES(278,NULL,0,'Study 12A','Teacher');
INSERT INTO "Classes" VALUES(279,NULL,0,'Support (Jason)','Student');
INSERT INTO "Classes" VALUES(280,NULL,0,'Study 12C','Teacher');
INSERT INTO "Classes" VALUES(281,NULL,0,'English Psychology HL 12.1','B.');
INSERT INTO "Classes" VALUES(282,NULL,0,'E.MUN 9.1','Villanueva');
INSERT INTO "Classes" VALUES(283,NULL,0,'El.CWri. 9/10','Lassey');
INSERT INTO "Classes" VALUES(284,NULL,0,'- Psychology HL 12.1','B.English');
INSERT INTO "Classes" VALUES(285,NULL,0,'/ Mazanni Elect SSS 9','Pendell');
INSERT INTO "Classes" VALUES(286,NULL,0,'Rio Spanish SL/HL 11.1','del');
INSERT INTO "Classes" VALUES(287,NULL,0,'WS 10.3','B.English');
INSERT INTO "Classes" VALUES(288,NULL,0,'Period CP','Study');
INSERT INTO "Classes" VALUES(289,NULL,0,'EL&L SL 11.3','DeZerne');
INSERT INTO "Classes" VALUES(290,NULL,1,'Homeroom 11E.2','Homeroom');
INSERT INTO "Classes" VALUES(291,NULL,1,'Homeroom 12B.2','Homeroom');
INSERT INTO "Classes" VALUES(292,NULL,1,'Homeroom 10D.2','Homeroom');
INSERT INTO "Classes" VALUES(293,NULL,1,'Homeroom LC 11/12F','Homeroom');
INSERT INTO "Classes" VALUES(294,NULL,1,'Homeroom 12C.2','Homeroom');
INSERT INTO "Classes" VALUES(295,NULL,0,'10.3','Lassey');
INSERT INTO "Classes" VALUES(296,NULL,0,'Rio Spanish SL 12.1','del');
INSERT INTO "Classes" VALUES(297,NULL,0,'English WS 9.3','B.');
INSERT INTO "Classes" VALUES(298,NULL,0,'Bingle History HL 11.1 // Evans TOK 12.1','Bingle');
INSERT INTO "Classes" VALUES(299,NULL,0,'(Valentina)','Yearbook');
INSERT INTO "Classes" VALUES(300,NULL,0,'(Brown)','Photography');
INSERT INTO "Classes" VALUES(301,NULL,0,'Sports (Dowell)','Fantasy');
INSERT INTO "Classes" VALUES(302,NULL,0,'and Blue (Freer)','Read');
INSERT INTO "Classes" VALUES(303,NULL,0,'(Villanueva)','MUN');
INSERT INTO "Classes" VALUES(304,NULL,0,'(gibbs)','MUN');
INSERT INTO "Classes" VALUES(305,NULL,0,'(Niculescu)','Oracy');
INSERT INTO "Classes" VALUES(306,NULL,0,'(ventrice)','Relaxation');
INSERT INTO "Classes" VALUES(307,NULL,0,'Study 11 Kurtz','Teacher');
INSERT INTO "Classes" VALUES(308,NULL,0,'Study 11 Gomez','Teacher');
INSERT INTO "Classes" VALUES(309,NULL,0,'Study 12 Alannah','Teacher');
INSERT INTO "Classes" VALUES(310,NULL,0,'(Dante /Bauer)','FemStem');
INSERT INTO "Classes" VALUES(311,NULL,0,'Study 12 Alcantud','Teacher');
INSERT INTO "Classes" VALUES(312,NULL,0,'Club (Iverson)','Eco');
INSERT INTO "Classes" VALUES(313,NULL,0,'Study 12 compton','Teacher');
INSERT INTO "Classes" VALUES(314,NULL,0,'9A','Wellness');
INSERT INTO "Classes" VALUES(315,NULL,0,'9B','Wellness');
INSERT INTO "Classes" VALUES(316,NULL,0,'9C','Wellness');
INSERT INTO "Classes" VALUES(317,NULL,0,'9D','Wellness');
INSERT INTO "Classes" VALUES(318,NULL,0,'Study 10C','Teacher');
INSERT INTO "Classes" VALUES(319,NULL,0,'Study 10A','Teacher');
INSERT INTO "Classes" VALUES(320,NULL,0,'Study 10D','Teacher');
INSERT INTO "Classes" VALUES(321,NULL,0,'Study 10B','Teacher');
INSERT INTO "Classes" VALUES(322,NULL,0,'Study 11 Horowitz','Teacher');
INSERT INTO "Classes" VALUES(323,NULL,0,'Study 11 Alannah','Teacher');
INSERT INTO "Classes" VALUES(324,NULL,0,'Study 12 Hughes','Teacher');
INSERT INTO "Classes" VALUES(325,NULL,0,'Study 12 Cates','Teacher');
INSERT INTO "Classes" VALUES(326,NULL,0,'Study 11 Dolan','Teacher');
INSERT INTO "Classes" VALUES(327,NULL,0,'Study 12 Coyle','Teacher');
INSERT INTO "Classes" VALUES(328,NULL,0,'Social Studies','SAT');
INSERT INTO "Classes" VALUES(329,NULL,0,'Science','SAT');
INSERT INTO "Classes" VALUES(330,NULL,0,'Study 12 Martinerz','Teacher');
INSERT INTO "Classes" VALUES(331,NULL,0,'Study 12 Pickett','Teacher');
INSERT INTO "Classes" VALUES(332,NULL,0,'Study 12 English','Teacher');
INSERT INTO "Classes" VALUES(333,NULL,0,'Class','Sele');
INSERT INTO "Classes" VALUES(334,NULL,0,'Study 12 Compton','Teacher');
INSERT INTO "Classes" VALUES(335,NULL,0,'Study 11 Carle','Teacher');
INSERT INTO "Classes" VALUES(336,NULL,0,'& VP CP Core','MV');
INSERT INTO "Classes" VALUES(337,NULL,0,'Study 11 Bartlett','Teacher');
INSERT INTO "Classes" VALUES(338,NULL,0,'English','SAT');
INSERT INTO "Classes" VALUES(339,NULL,0,'Bio 9.4 /   EE 9.4','Alannah');
INSERT INTO "Classes" VALUES(340,NULL,0,'English  WS 9.3','B.');
INSERT INTO "Classes" VALUES(341,NULL,0,'Study 12A6 Dezerne','Teacher');
INSERT INTO "Classes" VALUES(342,NULL,0,'Haulata','GS12B6');
INSERT INTO "Classes" VALUES(343,NULL,0,'Study 11C6 Bingle','Teacher');
INSERT INTO "Classes" VALUES(344,NULL,0,'Study Evans 12D6','Teacher');
INSERT INTO "Classes" VALUES(345,NULL,0,'Study 11B6 Cates','Teacher');
INSERT INTO "Classes" VALUES(346,NULL,0,'Pickett','CP');
INSERT INTO "Classes" VALUES(347,NULL,0,'Rio Spanish SL 11.1','del');
INSERT INTO "Classes" VALUES(348,NULL,0,'Homeroom HR',NULL);
INSERT INTO "Classes" VALUES(349,NULL,6,'Homeroom 11',NULL);
INSERT INTO "Classes" VALUES(350,NULL,6,'Homeroom 11/12F',NULL);
INSERT INTO "Classes" VALUES(351,NULL,0,'P1','P1');
INSERT INTO "Classes" VALUES(352,NULL,3,'Coyle  IM2 9.1','Coyle');
INSERT INTO "Classes" VALUES(353,NULL,2,'Gibbs TOK 12.6','Gibbs');
INSERT INTO "Classes" VALUES(354,NULL,1,'Miguez SLC Beginner 10.1 / 9.1','Miguez');
INSERT INTO "Classes" VALUES(355,NULL,4,'Kurata Math1 9.1','Kurata');
INSERT INTO "Classes" VALUES(356,NULL,4,'del Rio Castellano 9.2','del');
INSERT INTO "Classes" VALUES(357,NULL,3,'DeZerne EL&L SL 12.3','DeZerne');
INSERT INTO "Classes" VALUES(358,NULL,3,'Niculescu English HL 11.2','Niculescu');
INSERT INTO "Classes" VALUES(359,NULL,3,'Ventrice Spanish L&L SL 12.3','Ventrice');
INSERT INTO "Classes" VALUES(360,NULL,2,'Whitehair  Phys12 SL','Whitehair');
INSERT INTO "Classes" VALUES(361,NULL,4,'Hautala Economics HL 11.2','Hautala');
INSERT INTO "Classes" VALUES(362,NULL,6,'Davis / Kamibeppu Junior Sem','Davis');
INSERT INTO "Classes" VALUES(363,NULL,1,'Carle CScience SL 12.1','Carle');
INSERT INTO "Classes" VALUES(364,NULL,4,'Bartlett Phys 11 HL 2','Bartlett');
INSERT INTO "Classes" VALUES(365,NULL,6,'Meyer  ESS 12SL','Meyer');
INSERT INTO "Classes" VALUES(366,NULL,1,'Alcantud Chem 12 SL','Alcantud');
INSERT INTO "Classes" VALUES(367,NULL,3,'Iverson Bio 12 SL','Iverson');
INSERT INTO "Classes" VALUES(368,NULL,4,'Horowitz Pre-Calculus 10.1','Horowitz');
INSERT INTO "Classes" VALUES(369,NULL,3,'Fazio Math 2 10.1','Fazio');
INSERT INTO "Classes" VALUES(370,NULL,3,'Alannah Bio 11.2 HL','Alannah');
INSERT INTO "Classes" VALUES(371,NULL,4,'Dolan Math 3 10.1','Dolan');
INSERT INTO "Classes" VALUES(372,NULL,33,'LS','LS');
INSERT INTO "Classes" VALUES(373,NULL,0,'P2','P2');
INSERT INTO "Classes" VALUES(374,NULL,7,'Coyle IB Analysis HL 11.2','Coyle');
INSERT INTO "Classes" VALUES(375,NULL,4,'Compton BMan. HL 11.2','Compton');
INSERT INTO "Classes" VALUES(376,NULL,3,'Pickett WS 9.2','Pickett');
INSERT INTO "Classes" VALUES(377,NULL,2,'Bingle TOK 12.4','Bingle');
INSERT INTO "Classes" VALUES(378,NULL,2,'Montessinos Catalan 10.2','Montessinos');
INSERT INTO "Classes" VALUES(379,NULL,4,'DeZerne EL&L HL 11.1','DeZerne');
INSERT INTO "Classes" VALUES(380,NULL,2,'Niculescu English SL 12.2','Niculescu');
INSERT INTO "Classes" VALUES(381,NULL,3,'Ventrice Spanish LIT HL/SL 12.1','Ventrice');
INSERT INTO "Classes" VALUES(382,NULL,3,'Villanueva WS 9.1','Villanueva');
INSERT INTO "Classes" VALUES(383,NULL,1,'Hautala Econimics HL 11.1','Hautala');
INSERT INTO "Classes" VALUES(384,NULL,2,'Evans TOK 12.7','Evans');
INSERT INTO "Classes" VALUES(385,NULL,2,'Gibbs MUN 10.1/ 10.2','Gibbs');
INSERT INTO "Classes" VALUES(386,NULL,4,'Bartlett Phys 11 HL 1','Bartlett');
INSERT INTO "Classes" VALUES(387,NULL,3,'Meyer  ESS 11HL','Meyer');
INSERT INTO "Classes" VALUES(388,NULL,6,'Whitehair Chem 11HL','Whitehair');
INSERT INTO "Classes" VALUES(389,NULL,1,'Iverson Bio 9 Xtra','Iverson');
INSERT INTO "Classes" VALUES(390,NULL,2,'Cates Math Analysis SL 12.1','Cates');
INSERT INTO "Classes" VALUES(391,NULL,4,'Brown BTEC','Brown');
INSERT INTO "Classes" VALUES(392,NULL,1,'Alannah Bio 9.4 EES 9.4','Alannah');
INSERT INTO "Classes" VALUES(393,NULL,3,'Hughes Math Apps SL 12.1','Hughes');
INSERT INTO "Classes" VALUES(394,NULL,0,'P3','P3');
INSERT INTO "Classes" VALUES(395,NULL,5,'Coyle IM2 9.2','Coyle');
INSERT INTO "Classes" VALUES(396,NULL,3,'Compton Economics SL 12.1','Compton');
INSERT INTO "Classes" VALUES(397,NULL,4,'Kurata Math 1.9.2','Kurata');
INSERT INTO "Classes" VALUES(398,NULL,1,'Lassey WL 10.1','Lassey');
INSERT INTO "Classes" VALUES(399,NULL,3,'del Rio Spanish SL 12.2','del');
INSERT INTO "Classes" VALUES(400,NULL,3,'DeZerne EL&L SL 12.1','DeZerne');
INSERT INTO "Classes" VALUES(401,NULL,2,'Niculescu English Lit HL/SL 12.1','Niculescu');
INSERT INTO "Classes" VALUES(402,NULL,3,'Arguelles WL 10.2','Arguelles');
INSERT INTO "Classes" VALUES(403,NULL,3,'B. English Psychology HL 12.2 SL 12.1','B.');
INSERT INTO "Classes" VALUES(404,NULL,4,'Bragulat BManagement HL 11.1','Bragulat');
INSERT INTO "Classes" VALUES(405,NULL,2,'Bingle TOK 11.1','Bingle');
INSERT INTO "Classes" VALUES(406,NULL,4,'Gibbs GP HL 11.1','Gibbs');
INSERT INTO "Classes" VALUES(407,NULL,6,'Bauer Chem 10','Bauer');
INSERT INTO "Classes" VALUES(408,NULL,7,'Davis / Kamibeppu Senior Sem','Davis');
INSERT INTO "Classes" VALUES(409,NULL,4,'Cates Math Analysis HL 11.1','Cates');
INSERT INTO "Classes" VALUES(410,NULL,2,'Fazio Physics S1 10.1 S2 10..3','Fazio');
INSERT INTO "Classes" VALUES(411,NULL,2,'Alannah Bio 11.1 HL','Alannah');
INSERT INTO "Classes" VALUES(412,NULL,4,'Horowitz Math 3 9.1','Horowitz');
INSERT INTO "Classes" VALUES(413,NULL,0,'Lynx','Lynx');
INSERT INTO "Classes" VALUES(414,NULL,1,'Wellness 10D','Wellness');
INSERT INTO "Classes" VALUES(415,NULL,1,'Wellness 10A','Wellness');
INSERT INTO "Classes" VALUES(416,NULL,1,'Wellness 10B','Wellness');
INSERT INTO "Classes" VALUES(417,NULL,1,'Hughes BTEC','Hughes');
INSERT INTO "Classes" VALUES(418,NULL,1,'Wellness 10C','Wellness');
INSERT INTO "Classes" VALUES(419,NULL,1,'Guided Study 11 Codina','Teacher');
INSERT INTO "Classes" VALUES(420,NULL,1,'Guided Study 11A1','Teacher');
INSERT INTO "Classes" VALUES(421,NULL,1,'Guided Study 11E1','Teacher');
INSERT INTO "Classes" VALUES(422,NULL,1,'RefugArt - Pollini / Vernet','RefugArt');
INSERT INTO "Classes" VALUES(423,NULL,1,'Guided Study 12B','Teacher');
INSERT INTO "Classes" VALUES(424,NULL,1,'Guided Study 12A','Teacher');
INSERT INTO "Classes" VALUES(425,NULL,1,'Student Support (Jason)','Student');
INSERT INTO "Classes" VALUES(426,NULL,1,'Guided Study 12C','Teacher');
INSERT INTO "Classes" VALUES(427,NULL,0,'Lunch','Lunch');
INSERT INTO "Classes" VALUES(428,NULL,0,'P4','P4');
INSERT INTO "Classes" VALUES(429,NULL,3,'Brown WS 10.1','Brown');
INSERT INTO "Classes" VALUES(430,NULL,3,'Pickett WS 10.2','Pickett');
INSERT INTO "Classes" VALUES(431,NULL,3,'Lassey WL 9.1','Lassey');
INSERT INTO "Classes" VALUES(432,NULL,4,'Arguelles English HL 12.1','Arguelles');
INSERT INTO "Classes" VALUES(433,NULL,3,'Freer WL 9.2','Freer');
INSERT INTO "Classes" VALUES(434,NULL,3,'Bragulat BTEC','Bragulat');
INSERT INTO "Classes" VALUES(435,NULL,1,'B. English Psychology HL 12.1','B.');
INSERT INTO "Classes" VALUES(436,NULL,4,'Hautala BManagement HL 12.1','Hautala');
INSERT INTO "Classes" VALUES(437,NULL,2,'Bingle TOK 11.3','Bingle');
INSERT INTO "Classes" VALUES(438,NULL,4,'Gibbs GP HL 12.1','Gibbs');
INSERT INTO "Classes" VALUES(439,NULL,4,'Bartlett Phys 12 HL 1','Bartlett');
INSERT INTO "Classes" VALUES(440,NULL,1,'Whitehair  Chem 12HL Xtra','Whitehair');
INSERT INTO "Classes" VALUES(441,NULL,4,'Iverson Bio 9','Iverson');
INSERT INTO "Classes" VALUES(442,NULL,3,'Alannah Bio 9.3 EES 9.3','Alannah');
INSERT INTO "Classes" VALUES(443,NULL,3,'Horowitz Math Apps SL 11.2','Horowitz');
INSERT INTO "Classes" VALUES(444,NULL,2,'Freer Elective Minfullness 9/10.1 S1 / Elective Service Learning 9/19 S2','Freer');
INSERT INTO "Classes" VALUES(445,NULL,2,'Villanueva E.MUN 9.1','Villanueva');
INSERT INTO "Classes" VALUES(446,NULL,2,'Lassey El.CWri. 9/10','Lassey');
INSERT INTO "Classes" VALUES(447,NULL,2,'Montessinos  Catalan 10.1','Montessinos');
INSERT INTO "Classes" VALUES(448,NULL,2,'Niculescu Debate 10.1','Niculescu');
INSERT INTO "Classes" VALUES(449,NULL,3,'Ventrice IB Film HL/SL 11.1','Ventrice');
INSERT INTO "Classes" VALUES(450,NULL,1,'B.English - Psychology HL 12.1','B.English');
INSERT INTO "Classes" VALUES(451,NULL,3,'Bingle History HL / SL  11.1','Bingle');
INSERT INTO "Classes" VALUES(452,NULL,3,'Whitehair Chem 12 HL','Whitehair');
INSERT INTO "Classes" VALUES(453,NULL,3,'Alcantud  Chem 11SL','Alcantud');
INSERT INTO "Classes" VALUES(454,NULL,6,'Bauer  ESS 11SL','Bauer');
INSERT INTO "Classes" VALUES(455,NULL,3,'Cates Math Analysis SL 11.3','Cates');
INSERT INTO "Classes" VALUES(456,NULL,2,'Pendell / Mazanni Elect SSS 9','Pendell');
INSERT INTO "Classes" VALUES(457,NULL,3,'Brown WS 10.4','Brown');
INSERT INTO "Classes" VALUES(458,NULL,3,'Compton BMan. SL 11.1','Compton');
INSERT INTO "Classes" VALUES(459,NULL,2,'del Rio Spanish SL/HL 11.1','del');
INSERT INTO "Classes" VALUES(460,NULL,4,'Arguelles English HL 12.2','Arguelles');
INSERT INTO "Classes" VALUES(461,NULL,3,'Freer English LIT HL/SL  11.1','Freer');
INSERT INTO "Classes" VALUES(462,NULL,3,'Ventrice Spanish LIT HL/SL  11.1','Ventrice');
INSERT INTO "Classes" VALUES(463,NULL,3,'B.English WS 10.3','B.English');
INSERT INTO "Classes" VALUES(464,NULL,4,'Bragulat Economics HL 12.1','Bragulat');
INSERT INTO "Classes" VALUES(465,NULL,4,'Carle CScience HL 12.1','Carle');
INSERT INTO "Classes" VALUES(466,NULL,4,'Bartlett Phys 12 HL 2','Bartlett');
INSERT INTO "Classes" VALUES(467,NULL,3,'Meyer  ESS 12HL','Meyer');
INSERT INTO "Classes" VALUES(468,NULL,1,'Evans TOK 11.5','Evans');
INSERT INTO "Classes" VALUES(469,NULL,4,'Cates Math Analysis HL 12.1','Cates');
INSERT INTO "Classes" VALUES(470,NULL,3,'Dolan Math Analysis SL 11.2','Dolan');
INSERT INTO "Classes" VALUES(471,NULL,1,'Study Period CP','Study');
INSERT INTO "Classes" VALUES(472,NULL,1,'Coyle  IB Analysis HL 12.2','Coyle');
INSERT INTO "Classes" VALUES(473,NULL,4,'Compton Econmics HL 12.2','Compton');
INSERT INTO "Classes" VALUES(474,NULL,2,'Pickett TOK 12.3','Pickett');
INSERT INTO "Classes" VALUES(475,NULL,4,'Kurata Math 2 10.2','Kurata');
INSERT INTO "Classes" VALUES(476,NULL,3,'Kurtz Psychology HL 11.1 / SL 11.1','Kurtz');
INSERT INTO "Classes" VALUES(477,NULL,3,'DeZerne EL&L SL 11.3','DeZerne');
INSERT INTO "Classes" VALUES(478,NULL,3,'Freer WL 9.4','Freer');
INSERT INTO "Classes" VALUES(479,NULL,3,'Lassey WL 9.3','Lassey');
INSERT INTO "Classes" VALUES(480,NULL,4,'Hautala BManagement HL 12.2','Hautala');
INSERT INTO "Classes" VALUES(481,NULL,4,'Bingle History 12.1','Bingle');
INSERT INTO "Classes" VALUES(482,NULL,3,'Carle CScience HL/SL  11.1','Carle');
INSERT INTO "Classes" VALUES(483,NULL,1,'Iverson Bio 9.2','Iverson');
INSERT INTO "Classes" VALUES(484,NULL,2,'Alcantud Bio 12HL','Alcantud');
INSERT INTO "Classes" VALUES(485,NULL,3,'Dolan Math Analysis SL 11.1','Dolan');
INSERT INTO "Classes" VALUES(486,NULL,5,'Fazio Math 3 10.2','Fazio');
INSERT INTO "Classes" VALUES(487,NULL,2,'Alannah Bio 9.4 /EE 9.4','Alannah');
INSERT INTO "Classes" VALUES(488,NULL,3,'Horowitz Math App. SL.11.1','Horowitz');
INSERT INTO "Classes" VALUES(489,NULL,3,'Pickett WS 9.4','Pickett');
INSERT INTO "Classes" VALUES(490,NULL,3,'Lassey 10.3','Lassey');
INSERT INTO "Classes" VALUES(491,NULL,3,'del Rio Spanish SL 12.1','del');
INSERT INTO "Classes" VALUES(492,NULL,3,'Arguelles WL 10.4','Arguelles');
INSERT INTO "Classes" VALUES(493,NULL,1,'Ventrice Span Lit HL AND IB Film HL11.1','Ventrice');
INSERT INTO "Classes" VALUES(494,NULL,2,'B. English WS 9.3','B.');
INSERT INTO "Classes" VALUES(495,NULL,1,'Bingle Bingle History HL 11.1 // Evans TOK 12.1','Bingle');
INSERT INTO "Classes" VALUES(496,NULL,1,'Carle CScience HL 11.1','Carle');
INSERT INTO "Classes" VALUES(497,NULL,3,'Hughes Math Apps SL 12.2','Hughes');
INSERT INTO "Classes" VALUES(498,NULL,4,'Fazio Physics S1 10.2 S2 10.4','Fazio');
INSERT INTO "Classes" VALUES(499,NULL,3,'Dolan Math Analysis SL 12.2','Dolan');
INSERT INTO "Classes" VALUES(500,NULL,2,'Gibbs TOK 11.6','Gibbs');
INSERT INTO "Classes" VALUES(501,NULL,1,'Niculescu English LIT HL 12.1','Niculescu');
INSERT INTO "Classes" VALUES(502,NULL,1,'B. English Psychology SL/HL 12.2','B.');
INSERT INTO "Classes" VALUES(503,NULL,1,'Meyer  ESS 12HL Xtra','Meyer');
INSERT INTO "Classes" VALUES(504,NULL,1,'Hughes CP Core','Hughes');
INSERT INTO "Classes" VALUES(505,NULL,1,'Alannah Bio 9.3 EES 90.3','Alannah');
INSERT INTO "Classes" VALUES(506,NULL,3,'Míguez SLC Beginner 10.1 / 9.1','Míguez');
INSERT INTO "Classes" VALUES(507,NULL,1,'Niculescu English  HL 11.2','Niculescu');
INSERT INTO "Classes" VALUES(508,NULL,1,'Whitehair   Phys12 SL','Whitehair');
INSERT INTO "Classes" VALUES(509,NULL,2,'Evans TOK 11.2','Evans');
INSERT INTO "Classes" VALUES(510,NULL,2,'Carle Comp.Science SL 12.1','Carle');
INSERT INTO "Classes" VALUES(511,NULL,2,'Alcantud  Chem 12SL','Alcantud');
INSERT INTO "Classes" VALUES(512,NULL,3,'Huatala Econimics HL 11.1','Huatala');
INSERT INTO "Classes" VALUES(513,NULL,1,'Cates Math Analysis SL 2.1','Cates');
INSERT INTO "Classes" VALUES(514,NULL,2,'Yearbook (Valentina)','Yearbook');
INSERT INTO "Classes" VALUES(515,NULL,2,'Photography (Brown)','Photography');
INSERT INTO "Classes" VALUES(516,NULL,2,'Fantasy Sports (Dowell)','Fantasy');
INSERT INTO "Classes" VALUES(517,NULL,2,'Read and Blue (Freer)','Read');
INSERT INTO "Classes" VALUES(518,NULL,2,'MUN (Villanueva)','MUN');
INSERT INTO "Classes" VALUES(519,NULL,2,'MUN (gibbs)','MUN');
INSERT INTO "Classes" VALUES(520,NULL,2,'Oracy (Niculescu)','Oracy');
INSERT INTO "Classes" VALUES(521,NULL,2,'Relaxation (ventrice)','Relaxation');
INSERT INTO "Classes" VALUES(522,NULL,1,'Guided Study 11 Kurtz','Teacher');
INSERT INTO "Classes" VALUES(523,NULL,1,'Guided Study 11 Gomez','Teacher');
INSERT INTO "Classes" VALUES(524,NULL,1,'Guided Study 12 Alannah','Teacher');
INSERT INTO "Classes" VALUES(525,NULL,2,'FemStem (Dante /Bauer)','FemStem');
INSERT INTO "Classes" VALUES(526,NULL,2,'Guided Study 12 Alcantud','Teacher');
INSERT INTO "Classes" VALUES(527,NULL,2,'Eco Club (Iverson)','Eco');
INSERT INTO "Classes" VALUES(528,NULL,1,'Guided Study 12 compton','Teacher');
INSERT INTO "Classes" VALUES(529,NULL,1,'Dowell CP Core','Dowell');
INSERT INTO "Classes" VALUES(530,NULL,2,'? migh be for Math Support','?');
INSERT INTO "Classes" VALUES(531,NULL,2,'Reading Strategics (Pendell)','Reading');
INSERT INTO "Classes" VALUES(532,NULL,2,'Ventrice Elective Film 9.1','Ventrice');
INSERT INTO "Classes" VALUES(533,NULL,2,'Pickett TOK 12.5','Pickett');
INSERT INTO "Classes" VALUES(534,NULL,2,'Lassey WL.10.1','Lassey');
INSERT INTO "Classes" VALUES(535,NULL,1,'Niculescu English LIT HL/SL 12.1','Niculescu');
INSERT INTO "Classes" VALUES(536,NULL,2,'Fazio Physics 10.1','Fazio');
INSERT INTO "Classes" VALUES(537,NULL,1,'Evans TOK 12.1','Evans');
INSERT INTO "Classes" VALUES(538,NULL,1,'Meyer  ESS 11HL Xtra','Meyer');
INSERT INTO "Classes" VALUES(539,NULL,1,'Whitehair Chem 11 HL Xtra','Whitehair');
INSERT INTO "Classes" VALUES(540,NULL,1,'English Psychology HL 12.1','English');
INSERT INTO "Classes" VALUES(541,NULL,1,'Brown / Bragulat BTEC','Brown');
INSERT INTO "Classes" VALUES(542,NULL,2,'Bingle TOK 12.2','Bingle');
INSERT INTO "Classes" VALUES(543,NULL,2,'Bauer  Chem 10','Bauer');
INSERT INTO "Classes" VALUES(544,NULL,1,'Wellness 9A','Wellness');
INSERT INTO "Classes" VALUES(545,NULL,1,'Wellness 9B','Wellness');
INSERT INTO "Classes" VALUES(546,NULL,1,'Wellness 9C','Wellness');
INSERT INTO "Classes" VALUES(547,NULL,1,'Wellness 9D','Wellness');
INSERT INTO "Classes" VALUES(548,NULL,1,'Magda Catalán 10.2','Magda');
INSERT INTO "Classes" VALUES(549,NULL,1,'Guided Study 11 Horowitz','Teacher');
INSERT INTO "Classes" VALUES(550,NULL,1,'Guided Study 11 Alannah','Teacher');
INSERT INTO "Classes" VALUES(551,NULL,1,'Guided Study 12 Hughes','Teacher');
INSERT INTO "Classes" VALUES(552,NULL,1,'Guided Study 12 Cates','Teacher');
INSERT INTO "Classes" VALUES(553,NULL,1,'Pickett CP Core','Pickett');
INSERT INTO "Classes" VALUES(554,NULL,1,'Guided Study 11 Dolan','Teacher');
INSERT INTO "Classes" VALUES(555,NULL,1,'Guided Study 12 Coyle','Teacher');
INSERT INTO "Classes" VALUES(556,NULL,1,'SAT Social Studies','SAT');
INSERT INTO "Classes" VALUES(557,NULL,1,'SAT Science','SAT');
INSERT INTO "Classes" VALUES(558,NULL,2,'Evans TOK 11.4','Evans');
INSERT INTO "Classes" VALUES(559,NULL,1,'Alannah  Bio 11.1 HL','Alannah');
INSERT INTO "Classes" VALUES(560,NULL,1,'Ventrice Spanish LIT HL 12.1','Ventrice');
INSERT INTO "Classes" VALUES(561,NULL,2,'Alcantud  Bio 12HL','Alcantud');
INSERT INTO "Classes" VALUES(562,NULL,2,'Iverson  Bio 9','Iverson');
INSERT INTO "Classes" VALUES(563,NULL,1,'Alannah  Bio 11.2 HL','Alannah');
INSERT INTO "Classes" VALUES(564,NULL,1,'Magda Catalán 10.1','Magda');
INSERT INTO "Classes" VALUES(565,NULL,1,'Guided Study 12 Martinerz','Teacher');
INSERT INTO "Classes" VALUES(566,NULL,1,'Guided Study 12 Pickett','Teacher');
INSERT INTO "Classes" VALUES(567,NULL,1,'Guided Study 12 English','Teacher');
INSERT INTO "Classes" VALUES(568,NULL,1,'Sele Class','Sele');
INSERT INTO "Classes" VALUES(569,NULL,1,'Guided Study 12 Compton','Teacher');
INSERT INTO "Classes" VALUES(570,NULL,1,'Guided Study 11 Carle','Teacher');
INSERT INTO "Classes" VALUES(571,NULL,1,'MV & VP CP Core','MV');
INSERT INTO "Classes" VALUES(572,NULL,1,'Guided Study 11 Bartlett','Teacher');
INSERT INTO "Classes" VALUES(573,NULL,1,'SAT English','SAT');
INSERT INTO "Classes" VALUES(574,NULL,1,'Niculescu English  SL 12.2','Niculescu');
INSERT INTO "Classes" VALUES(575,NULL,1,'Alannah Bio 9.4 /         EE 9.4','Alannah');
INSERT INTO "Classes" VALUES(576,NULL,1,'Freer English LIT HL  11.1','Freer');
INSERT INTO "Classes" VALUES(577,NULL,1,'B. English      WS 9.3','B.');
INSERT INTO "Classes" VALUES(578,NULL,1,'Whitehair  Chem 11HL Xtra','Whitehair');
INSERT INTO "Classes" VALUES(579,NULL,1,'Alannah Bio 11 HL','Alannah');
INSERT INTO "Classes" VALUES(580,NULL,1,'Codina Spanish A SL 11.2','Codina');
INSERT INTO "Classes" VALUES(581,NULL,1,'B.English Psychology HL 12.1','B.English');
INSERT INTO "Classes" VALUES(582,NULL,1,'Guided Study 12A6 Dezerne','Teacher');
INSERT INTO "Classes" VALUES(583,NULL,1,'GS12B6 Haulata','GS12B6');
INSERT INTO "Classes" VALUES(584,NULL,1,'Guided Study 11C6 Bingle','Teacher');
INSERT INTO "Classes" VALUES(585,NULL,1,'Guided Study Evans 12D6','Teacher');
INSERT INTO "Classes" VALUES(586,NULL,1,'Guided Study 11B6 Cates','Teacher');
INSERT INTO "Classes" VALUES(587,NULL,1,'CP Pickett','CP');
INSERT INTO "Classes" VALUES(588,NULL,1,'del Rio Spanish SL 11.1','del');
INSERT INTO "Classes" VALUES(589,NULL,1,'Evans TOK 11.5 (406)','Evans');
CREATE TABLE "RoomInfo" (
    RoomID     INTEGER PRIMARY KEY AUTOINCREMENT,
    RoomNumber TEXT NOT NULL UNIQUE,
    RoomFloor  INTEGER NOT NULL,
    RoomType   TEXT
, X INTEGER, Y INTEGER, Width INTEGER, Height INTEGER);
INSERT INTO "RoomInfo" VALUES(2,'A002',0,NULL,0,676,65,34);
INSERT INTO "RoomInfo" VALUES(3,'A003',0,NULL,720,463,62,35);
INSERT INTO "RoomInfo" VALUES(4,'A004',0,NULL,0,607,62,35);
INSERT INTO "RoomInfo" VALUES(5,'A006',0,NULL,0,274,65,35);
INSERT INTO "RoomInfo" VALUES(6,'A007',0,NULL,720,292,62,35);
INSERT INTO "RoomInfo" VALUES(7,'A008',0,NULL,0,209,62,35);
INSERT INTO "RoomInfo" VALUES(10,'A102',1,NULL,0,459,82,48);
INSERT INTO "RoomInfo" VALUES(11,'A104',1,NULL,NULL,NULL,NULL,NULL);
INSERT INTO "RoomInfo" VALUES(12,'A106',1,NULL,NULL,NULL,NULL,NULL);
INSERT INTO "RoomInfo" VALUES(13,'A107',1,NULL,973,357,87,53);
INSERT INTO "RoomInfo" VALUES(14,'A109',1,NULL,978,0,82,54);
INSERT INTO "RoomInfo" VALUES(17,'A205',2,NULL,791,374,49,56);
INSERT INTO "RoomInfo" VALUES(18,'A207',2,NULL,777,7,52,55);
INSERT INTO "RoomInfo" VALUES(21,'A212',2,NULL,176,0,58,55);
INSERT INTO "RoomInfo" VALUES(22,'A401',4,NULL,NULL,NULL,NULL,NULL);
INSERT INTO "RoomInfo" VALUES(23,'A404',4,NULL,NULL,NULL,NULL,NULL);
INSERT INTO "RoomInfo" VALUES(24,'A405',4,NULL,NULL,NULL,NULL,NULL);
INSERT INTO "RoomInfo" VALUES(25,'A406',4,NULL,0,630,90,27);
INSERT INTO "RoomInfo" VALUES(26,'A408',4,NULL,NULL,NULL,NULL,NULL);
INSERT INTO "RoomInfo" VALUES(27,'A409',4,NULL,88,0,92,26);
INSERT INTO "RoomInfo" VALUES(28,'A410',4,NULL,67,729,92,26);
INSERT INTO "RoomInfo" VALUES(29,'A411',4,NULL,162,98,88,24);
INSERT INTO "RoomInfo" VALUES(30,'A413',4,NULL,450,507,94,26);
DELETE FROM "sqlite_sequence";
INSERT INTO "sqlite_sequence" VALUES('RoomInfo',30);
INSERT INTO "sqlite_sequence" VALUES('Classes',589);
INSERT INTO "sqlite_sequence" VALUES('ClassSchedule',1950);
COMMIT;
